Time,Judge,IspTime,Data01,Data02,Data03,Data04,Data05,Data06,Data07,Data08,Data09,Data10,Data11,Data12,Data13,Data14,Data15,Data16,Data17,Data18,Data19,Data20,Data21,Data22,Data23,Data24,Data25,Data26,Data27,Data28,Data29,Data30,Data31,Data32,Data33,Data34,Data35,Data36,Data37,Data38,Data39,Data40,Data41,Data42,Data43,Data44,Data45,Data46,Data47,Data48,Data49,Data50,Data51,Data52,Data53,Data54,Data55,Data56,Data57,Data58,Data59,Data60,Data61,Data62,Data63,Data64,Data65,Data66,Data67,Data68,Data69,Data70,Data71,Data72,Data73,Data74,Data75,Data76,Data77,Data78,Data79,Data80,Data81,Data82,Data83,Data84,Data85,Data86,Data87,Data88,Data89,Data90,Data91,Data92,Data93,Data94,Data95,Data96,Data97,Data98,Data99,Data100,Data101,Data102,Data103,Data104,Data105,Data106,Data107,Data108,Data109,Data110,Data111,Data112,Data113,Data114,Data115,Data116,Data117,Data118,Data119,Data120,Data121,Data122,Data123,Data124,Data125,Data126,Data127,Data128,Data129,Data130,Data131,Data132,Data133,Data134,Data135,Data136,Data137,Data138,Data139,Data140,Data141,Data142,Data143,Data144,Data145,Data146,Data147
08:39:23:6,NG,1082,26.299,22.817,22.792,11.348,10.764,10.169,9.561,8.976,8.375,7.766,7.162,6.407,5.709,5.234,4.474,3.714,3.219,2.466,1.715,1.231,0.476,0.279,0.764,1.527,2.286,2.814,3.532,4.298,4.754,5.522,6.277,6.769,7.525,8.285,8.756,9.457,10.308,10.773,11.462,11.339,10.766,10.163,9.574,8.966,8.375,7.761,7.171,6.384,5.73,5.247,4.455,3.701,3.225,2.452,1.719,1.205,0.451,0.288,0.784,1.547,2.288,2.773,3.542,4.294,4.789,5.532,6.283,6.778,7.54,8.291,8.794,9.54,10.315,10.814,11.46,0.874,0.869,0.843,0.825,0.832,0.82,0.811,0.82,0.817,0.813,0.822,0.812,0.825,0.83,0.794,0.832,0.834,0.83,0.84,0.836,0.832,0.855,0.855,0.858,0.858,0.864,0.867,0.867,0.857,0.86,0.849,0.859,0.855,0.853,0.881,0.925,0.818,0.817,0.821,0.817,0.818,0.811,0.806,0.804,0.69,0.79,0.8,0.793,0.81,0.817,0.798,0.797,0.8,0.792,0.804,0.798,0.788,0.79,0.79,0.781,0.791,0.792,0.784,0.691,0.778,0.79,0.801,0.809,0.804,0.812,0.824,0.796
08:39:23:6,NG,1114,23.983,22.799,22.761,11.353,10.774,10.179,9.576,8.983,8.377,7.767,7.172,6.397,5.709,5.242,103.062,3.715,3.228,2.468,1.706,1.235,0.485,0.305,0.775,1.538,2.31,2.772,3.534,4.304,4.772,5.531,6.31,6.769,7.532,8.305,8.768,9.544,10.304,10.783,11.462,11.338,10.752,10.154,9.572,8.959,8.366,7.756,7.16,6.395,5.728,5.242,4.463,3.708,3.215,2.459,1.705,1.208,0.454,0.287,0.787,103.02,2.286,2.784,3.528,4.276,4.781,5.513,6.28,6.781,7.496,8.286,8.779,9.496,10.305,10.796,11.43,0.813,0.817,0.801,0.789,0.805,0.807,0.77,0.835,0.82,0.814,0.833,0.821,0.797,0.84,0.842,101.041,0.86,0.861,0.831,0.878,0.881,0.859,0.867,0.862,0.822,0.855,0.848,0.91,0.952,0.921,0.923,0.912,0.903,0.891,0.883,0.885,0.856,0.847,0.838,0.837,0.843,0.832,0.835,0.809,0.821,0.832,0.842,102.969,0.858,0.878,0.854,0.859,0.861,0.86,0.873,0.874,0.846,0.848,0.838,0.826,0.827,0.838,0.823,0.827,0.831,0.809,0.84,0.843,0.79,0.835,0.839,0.805
08:40:51:2,OK,1329,24.052,22.836,22.83,11.393,10.779,10.178,9.598,8.991,8.387,7.796,7.196,6.401,5.722,5.226,4.496,3.743,3.239,2.48,1.733,1.239,0.484,0.295,0.783,1.538,2.282,2.772,3.528,4.296,4.782,5.53,6.28,6.782,7.531,8.296,8.774,9.526,10.273,10.777,11.457,11.381,10.776,10.174,9.589,8.974,8.39,7.783,7.186,6.407,5.74,5.24,4.483,3.732,3.241,2.487,1.732,1.225,0.494,0.286,0.778,1.529,2.276,2.763,3.523,4.272,4.776,5.537,6.278,6.783,7.529,8.271,8.777,9.534,10.273,10.762,11.458,0.847,0.847,0.848,0.859,0.844,0.829,0.846,0.856,0.857,0.839,0.843,0.832,0.851,0.846,0.856,0.831,0.858,0.854,0.843,0.849,0.836,0.843,0.85,0.846,0.85,0.849,0.839,0.852,0.845,0.843,0.84,0.847,0.847,0.838,0.834,0.836,0.843,0.846,0.849,0.851,0.831,0.841,0.836,0.848,0.856,0.839,0.829,0.848,0.838,0.835,0.842,0.828,0.848,0.85,0.858,0.836,0.838,0.833,0.845,0.84,0.836,0.852,0.837,0.836,0.842,0.835,0.844,0.845,0.845,0.845,0.853,0.844
08:42:14:8,OK,1369,24.067,22.825,22.825,11.377,10.784,10.174,9.587,8.983,8.383,7.783,7.167,6.408,5.733,5.233,4.485,3.735,3.239,2.499,1.73,1.244,0.495,0.282,0.779,1.54,2.282,2.776,3.533,4.276,4.771,5.524,6.288,6.781,7.537,8.289,8.77,9.537,10.279,10.77,11.437,11.392,10.778,10.188,9.59,8.978,8.376,7.782,7.189,6.411,5.737,5.231,4.48,3.732,3.228,2.501,1.732,1.244,0.487,0.291,0.787,1.534,2.28,2.776,3.539,4.278,4.775,5.546,6.287,6.788,7.534,8.29,8.78,9.528,10.279,10.777,11.454,0.835,0.85,0.852,0.833,0.845,0.854,0.835,0.864,0.823,0.845,0.854,0.842,0.843,0.839,0.847,0.836,0.849,0.84,0.851,0.856,0.826,0.837,0.845,0.841,0.837,0.844,0.833,0.827,0.836,0.852,0.847,0.848,0.828,0.842,0.846,0.847,0.837,0.847,0.852,0.836,0.829,0.838,0.827,0.831,0.839,0.833,0.831,0.848,0.834,0.841,0.83,0.866,0.861,0.851,0.842,0.849,0.837,0.83,0.845,0.867,0.855,0.859,0.833,0.843,0.853,0.831,0.83,0.831,0.849,0.847,0.843,0.824
08:44:03:5,OK,1115,24.056,22.837,22.824,11.396,10.78,10.174,9.579,8.988,8.392,7.791,7.198,6.418,5.746,5.245,4.485,3.736,3.241,2.488,1.741,1.238,0.477,0.293,0.767,1.528,2.276,2.767,3.531,4.266,4.77,5.534,6.277,6.78,7.533,8.286,8.788,9.52,10.282,10.776,11.453,11.379,10.773,10.193,9.587,8.985,8.393,7.784,7.189,6.412,5.733,5.235,4.492,3.74,3.252,2.493,1.711,1.241,0.482,0.291,0.778,1.525,2.277,2.778,3.537,4.298,4.762,5.527,6.282,6.78,7.518,8.275,8.785,9.539,10.299,10.785,11.449,0.846,0.856,0.86,0.855,0.837,0.844,0.85,0.844,0.825,0.841,0.86,0.85,0.844,0.839,0.851,0.83,0.864,0.849,0.858,0.851,0.834,0.855,0.837,0.828,0.849,0.85,0.829,0.853,0.839,0.856,0.834,0.841,0.848,0.84,0.855,0.85,0.837,0.846,0.842,0.832,0.844,0.838,0.83,0.848,0.829,0.835,0.856,0.844,0.839,0.82,0.853,0.834,0.86,0.833,0.861,0.837,0.835,0.842,0.838,0.847,0.846,0.84,0.842,0.845,0.853,0.844,0.856,0.833,0.842,0.852,0.856,0.839
08:45:37:1,OK,1074,24.054,22.835,22.829,11.378,10.784,10.186,9.58,8.967,8.39,7.782,7.189,6.418,5.729,5.221,4.488,3.724,3.228,2.49,1.735,1.229,0.475,0.278,0.776,1.538,2.278,2.782,3.532,4.278,4.782,5.537,6.279,6.779,7.533,8.276,8.776,9.528,10.275,10.776,11.448,11.383,10.78,10.187,9.588,8.984,8.38,7.779,7.188,6.403,5.73,5.247,4.482,3.742,3.237,2.482,1.74,1.239,0.485,0.28,0.782,1.53,2.291,2.773,3.535,4.301,4.778,5.532,6.278,6.774,7.519,8.285,8.777,9.524,10.281,10.766,11.44,0.842,0.85,0.843,0.827,0.845,0.85,0.84,0.849,0.848,0.84,0.837,0.848,0.84,0.845,0.833,0.85,0.847,0.85,0.842,0.833,0.852,0.849,0.84,0.842,0.836,0.849,0.84,0.858,0.848,0.841,0.839,0.846,0.837,0.852,0.83,0.851,0.85,0.832,0.842,0.844,0.838,0.844,0.843,0.842,0.841,0.85,0.851,0.842,0.833,0.851,0.84,0.836,0.852,0.836,0.845,0.832,0.839,0.847,0.862,0.836,0.856,0.842,0.848,0.839,0.841,0.844,0.848,0.84,0.835,0.847,0.844,0.838
08:47:22:9,OK,1088,24.043,22.827,22.814,11.386,10.78,10.189,9.591,8.986,8.376,7.771,7.183,6.42,5.736,5.232,4.477,3.744,3.246,2.482,1.733,1.243,0.486,0.276,0.778,1.537,2.29,2.783,3.521,4.295,4.766,5.523,6.286,6.778,7.528,8.283,8.767,9.545,10.293,10.785,11.456,11.393,10.761,10.179,9.584,8.997,8.384,7.785,7.183,6.424,5.74,5.244,4.493,3.73,3.248,2.491,1.747,1.236,0.481,0.288,0.77,1.545,2.29,2.771,3.529,4.287,4.788,5.529,6.28,6.778,7.508,8.301,8.784,9.515,10.281,10.775,11.449,0.839,0.84,0.851,0.832,0.856,0.858,0.847,0.843,0.845,0.851,0.839,0.856,0.847,0.847,0.834,0.849,0.843,0.849,0.844,0.843,0.835,0.847,0.839,0.837,0.846,0.84,0.839,0.832,0.853,0.843,0.855,0.846,0.842,0.858,0.844,0.828,0.834,0.845,0.846,0.858,0.856,0.856,0.849,0.845,0.828,0.834,0.847,0.848,0.858,0.838,0.845,0.845,0.846,0.854,0.839,0.841,0.852,0.847,0.84,0.851,0.841,0.832,0.852,0.841,0.832,0.843,0.855,0.845,0.846,0.854,0.832,0.836
08:49:08:4,OK,1072,24.069,22.807,22.839,11.385,10.774,10.185,9.599,8.986,8.395,7.785,7.197,6.402,5.718,5.236,4.487,3.733,3.229,2.492,1.73,1.252,0.483,0.275,0.765,1.529,2.279,2.777,3.535,4.299,4.774,5.526,6.284,6.779,7.528,8.282,8.759,9.531,10.276,10.771,11.459,11.385,10.786,10.183,9.58,8.982,8.381,7.777,7.182,6.395,5.731,5.234,4.484,3.723,3.235,2.484,1.729,1.246,0.488,0.29,0.771,1.526,2.275,2.779,3.526,4.278,4.773,5.535,6.296,6.78,7.535,8.287,8.772,9.526,10.266,10.776,11.448,0.859,0.851,0.844,0.838,0.836,0.837,0.841,0.842,0.844,0.844,0.843,0.84,0.855,0.852,0.85,0.848,0.838,0.836,0.847,0.834,0.837,0.856,0.822,0.832,0.833,0.828,0.837,0.846,0.838,0.846,0.847,0.847,0.836,0.835,0.855,0.85,0.847,0.846,0.841,0.856,0.85,0.837,0.838,0.84,0.863,0.836,0.845,0.843,0.838,0.837,0.845,0.855,0.828,0.836,0.851,0.86,0.826,0.844,0.841,0.847,0.842,0.84,0.844,0.849,0.852,0.845,0.844,0.86,0.833,0.854,0.841,0.85
08:50:44:7,OK,1080,24.049,22.839,22.834,11.389,10.774,10.188,9.586,8.965,8.389,7.777,7.2,6.411,5.741,5.247,4.486,3.725,3.232,2.479,1.725,1.226,0.493,0.291,0.784,1.524,2.259,2.78,3.517,4.277,4.787,5.526,6.274,6.791,7.522,8.307,8.779,9.52,10.284,10.771,11.462,11.386,10.787,10.199,9.577,8.975,8.38,7.782,7.178,6.394,5.734,5.233,4.48,3.729,3.238,2.482,1.736,1.244,0.493,0.285,0.77,1.527,2.285,2.788,3.532,4.264,4.774,5.527,6.268,6.792,7.545,8.294,8.784,9.53,10.27,10.782,11.465,0.848,0.844,0.84,0.839,0.839,0.84,0.848,0.833,0.854,0.836,0.844,0.852,0.853,0.843,0.851,0.857,0.855,0.841,0.824,0.84,0.85,0.848,0.838,0.848,0.835,0.846,0.822,0.849,0.852,0.86,0.832,0.835,0.83,0.839,0.855,0.835,0.842,0.845,0.858,0.844,0.836,0.851,0.844,0.848,0.842,0.835,0.843,0.827,0.852,0.838,0.842,0.843,0.839,0.855,0.842,0.846,0.847,0.843,0.843,0.836,0.853,0.854,0.845,0.842,0.85,0.845,0.847,0.833,0.848,0.832,0.84,0.847
08:52:31:3,OK,1064,24.068,22.821,22.837,11.38,10.798,10.187,9.592,8.978,8.383,7.769,7.189,6.401,5.751,5.241,4.487,3.724,3.229,2.487,1.74,1.228,0.484,0.291,0.775,1.52,2.293,2.779,3.534,4.287,4.777,5.532,6.284,6.777,7.533,8.291,8.78,9.533,10.288,10.785,11.458,11.377,10.786,10.176,9.597,8.986,8.381,7.775,7.189,6.402,5.737,5.247,4.481,3.729,3.231,2.473,1.743,1.238,0.474,0.289,0.782,1.539,2.292,2.786,3.544,4.285,4.782,5.522,6.296,6.785,7.53,8.292,8.776,9.528,10.281,10.783,11.459,0.846,0.851,0.836,0.846,0.851,0.842,0.855,0.838,0.846,0.837,0.843,0.835,0.849,0.844,0.85,0.848,0.839,0.843,0.838,0.851,0.842,0.854,0.848,0.832,0.843,0.843,0.84,0.838,0.833,0.841,0.849,0.838,0.834,0.858,0.848,0.856,0.846,0.833,0.854,0.834,0.833,0.834,0.848,0.831,0.837,0.85,0.852,0.834,0.838,0.846,0.831,0.826,0.846,0.829,0.849,0.843,0.841,0.827,0.86,0.855,0.844,0.843,0.852,0.83,0.851,0.846,0.848,0.842,0.84,0.851,0.843,0.844
08:54:12:6,OK,1061,24.034,22.827,22.836,11.393,10.781,10.187,9.591,8.978,8.385,7.793,7.175,6.398,5.724,5.234,4.496,3.73,3.238,2.48,1.747,1.249,0.495,0.3,0.776,1.529,2.287,2.78,3.523,4.276,4.773,5.531,6.294,6.763,7.53,8.291,8.782,9.546,10.279,10.774,11.446,11.395,10.776,10.18,9.588,8.969,8.389,7.784,7.181,6.399,5.732,5.239,4.487,3.733,3.232,2.496,1.73,1.243,0.483,0.289,0.786,1.522,2.284,2.774,3.527,4.288,4.77,5.531,6.292,6.794,7.529,8.289,8.774,9.54,10.294,10.772,11.45,0.839,0.85,0.842,0.847,0.843,0.849,0.826,0.845,0.848,0.851,0.846,0.839,0.843,0.856,0.838,0.846,0.833,0.838,0.839,0.847,0.859,0.838,0.837,0.851,0.828,0.829,0.839,0.828,0.837,0.841,0.847,0.848,0.848,0.847,0.838,0.836,0.814,0.833,0.821,0.837,0.857,0.834,0.858,0.844,0.841,0.835,0.837,0.829,0.853,0.849,0.835,0.846,0.851,0.841,0.84,0.841,0.842,0.844,0.838,0.84,0.841,0.825,0.855,0.857,0.841,0.846,0.843,0.842,0.842,0.853,0.846,0.841
08:55:57:8,OK,1054,24.065,22.818,22.836,11.389,10.778,10.18,9.573,8.986,8.382,7.779,7.183,6.41,5.722,5.245,4.477,3.732,3.225,2.479,1.733,1.245,0.492,0.281,0.791,1.535,2.271,2.778,3.538,4.276,4.793,5.528,6.29,6.778,7.525,8.306,8.791,9.536,10.279,10.773,11.459,11.397,10.771,10.198,9.593,8.989,8.381,7.788,7.186,6.415,5.742,5.245,4.49,3.731,3.251,2.493,1.74,1.239,0.496,0.286,0.759,1.519,2.283,2.764,3.505,4.273,4.783,5.52,6.289,6.791,7.53,8.288,8.778,9.522,10.28,10.784,11.459,0.845,0.822,0.838,0.849,0.851,0.843,0.841,0.848,0.844,0.848,0.843,0.838,0.828,0.833,0.849,0.845,0.858,0.84,0.833,0.843,0.836,0.829,0.837,0.836,0.843,0.838,0.85,0.855,0.837,0.85,0.858,0.829,0.839,0.844,0.85,0.851,0.86,0.828,0.829,0.847,0.841,0.865,0.85,0.831,0.849,0.849,0.834,0.829,0.848,0.831,0.84,0.839,0.832,0.848,0.837,0.85,0.823,0.832,0.836,0.848,0.84,0.849,0.831,0.836,0.862,0.85,0.847,0.846,0.843,0.858,0.833,0.854
08:57:41:2,OK,653,24.051,22.824,22.831,11.405,10.781,10.185,9.564,8.974,8.376,7.793,7.198,6.408,5.737,5.235,4.497,3.751,3.237,2.487,1.731,1.234,0.495,0.271,0.79,1.524,2.28,2.787,3.528,4.276,4.785,5.54,6.27,6.779,7.549,8.285,8.773,9.527,10.264,10.792,11.452,11.386,10.788,10.188,9.568,8.984,8.385,7.791,7.186,6.402,5.735,5.247,4.5,3.729,3.241,2.478,1.729,1.244,0.487,0.291,0.788,1.523,2.27,2.773,3.521,4.283,4.791,5.533,6.277,6.779,7.54,8.291,8.793,9.531,10.282,10.79,11.451,0.832,0.842,0.845,0.845,0.833,0.857,0.85,0.843,0.846,0.831,0.827,0.838,0.867,0.835,0.826,0.843,0.835,0.841,0.849,0.857,0.845,0.84,0.851,0.84,0.839,0.849,0.849,0.843,0.847,0.837,0.853,0.834,0.839,0.843,0.834,0.845,0.841,0.856,0.824,0.838,0.841,0.835,0.84,0.844,0.855,0.848,0.848,0.845,0.831,0.858,0.855,0.848,0.829,0.847,0.838,0.853,0.846,0.833,0.85,0.846,0.845,0.841,0.841,0.843,0.839,0.841,0.848,0.833,0.856,0.84,0.841,0.842
08:59:06:5,OK,1065,24.045,22.827,22.84,11.38,10.777,10.192,9.569,9.003,8.383,7.78,7.18,6.414,5.741,5.246,4.478,3.735,3.255,2.502,1.727,1.232,0.483,0.269,0.782,1.53,2.284,2.778,3.536,4.285,4.784,5.528,6.28,6.77,7.525,8.291,8.781,9.525,10.296,10.787,11.453,11.382,10.785,10.177,9.607,8.963,8.389,7.794,7.192,6.421,5.739,5.234,4.506,3.733,3.235,2.49,1.731,1.246,0.492,0.292,0.769,1.529,2.276,2.783,3.543,4.295,4.799,5.524,6.294,6.781,7.528,8.287,8.786,9.537,10.271,10.784,11.452,0.839,0.839,0.843,0.846,0.847,0.839,0.85,0.83,0.84,0.861,0.844,0.849,0.836,0.852,0.854,0.848,0.832,0.841,0.839,0.85,0.835,0.833,0.839,0.851,0.839,0.845,0.847,0.843,0.847,0.823,0.845,0.855,0.841,0.845,0.836,0.844,0.834,0.841,0.85,0.838,0.857,0.841,0.844,0.853,0.834,0.854,0.838,0.845,0.854,0.853,0.845,0.844,0.852,0.855,0.835,0.849,0.838,0.849,0.846,0.837,0.843,0.834,0.841,0.827,0.834,0.832,0.837,0.846,0.834,0.826,0.822,0.836
09:00:52:1,OK,1063,24.06,22.843,22.821,11.372,10.776,10.179,9.596,8.989,8.398,7.776,7.175,6.41,5.74,5.24,4.497,3.719,3.254,2.494,1.739,1.226,0.489,0.289,0.776,1.514,2.283,2.773,3.531,4.266,4.772,5.522,6.275,6.779,7.534,8.271,8.772,9.528,10.287,10.771,11.456,11.388,10.765,10.181,9.599,8.978,8.395,7.799,7.182,6.404,5.733,5.231,4.489,3.736,3.239,2.491,1.73,1.239,0.475,0.282,0.785,1.519,2.286,2.786,3.528,4.293,4.784,5.523,6.285,6.792,7.522,8.295,8.774,9.533,10.296,10.785,11.453,0.837,0.838,0.837,0.859,0.855,0.846,0.844,0.837,0.848,0.843,0.833,0.822,0.847,0.835,0.838,0.839,0.845,0.824,0.852,0.84,0.842,0.841,0.842,0.852,0.845,0.845,0.84,0.845,0.839,0.843,0.84,0.834,0.833,0.869,0.858,0.84,0.837,0.842,0.844,0.834,0.845,0.851,0.852,0.844,0.856,0.842,0.851,0.853,0.839,0.844,0.843,0.841,0.846,0.863,0.832,0.845,0.839,0.859,0.829,0.852,0.841,0.83,0.856,0.848,0.849,0.84,0.85,0.848,0.846,0.859,0.843,0.856
09:02:38:7,OK,788,24.042,22.827,22.836,11.374,10.776,10.178,9.587,8.987,8.393,7.785,7.19,6.404,5.735,5.245,4.498,3.733,3.247,2.501,1.749,1.235,0.483,0.264,0.799,1.526,2.281,2.778,3.538,4.299,4.776,5.525,6.291,6.761,7.539,8.275,8.778,9.552,10.287,10.771,11.451,11.367,10.77,10.202,9.591,8.991,8.379,7.786,7.18,6.41,5.757,5.244,4.5,3.734,3.245,2.486,1.736,1.224,0.48,0.279,0.79,1.523,2.286,2.773,3.517,4.281,4.785,5.525,6.287,6.786,7.514,8.288,8.786,9.518,10.285,10.779,11.448,0.84,0.848,0.847,0.859,0.848,0.841,0.842,0.836,0.85,0.84,0.848,0.842,0.844,0.831,0.839,0.84,0.85,0.836,0.838,0.841,0.85,0.836,0.841,0.844,0.829,0.848,0.836,0.834,0.848,0.856,0.86,0.85,0.835,0.843,0.837,0.857,0.851,0.834,0.858,0.838,0.833,0.852,0.842,0.848,0.838,0.842,0.839,0.844,0.849,0.847,0.849,0.85,0.845,0.827,0.842,0.834,0.84,0.852,0.841,0.837,0.841,0.856,0.833,0.838,0.837,0.838,0.841,0.846,0.851,0.849,0.842,0.833
09:04:11:4,OK,1144,24.046,22.824,22.841,11.374,10.77,10.188,9.584,8.991,8.381,7.778,7.187,6.42,5.74,5.252,4.479,3.735,3.23,2.499,1.723,1.243,0.478,0.288,0.779,1.542,2.286,2.767,3.519,4.278,4.775,5.517,6.276,6.772,7.53,8.298,8.779,9.528,10.274,10.775,11.467,11.389,10.779,10.185,9.584,8.992,8.387,7.791,7.19,6.403,5.744,5.233,4.471,3.738,3.244,2.481,1.736,1.234,0.475,0.271,0.777,1.534,2.283,2.78,3.529,4.284,4.781,5.529,6.293,6.787,7.536,8.289,8.792,9.528,10.287,10.79,11.448,0.842,0.831,0.826,0.835,0.832,0.866,0.839,0.838,0.834,0.84,0.85,0.851,0.836,0.838,0.853,0.831,0.852,0.848,0.841,0.838,0.842,0.836,0.836,0.845,0.849,0.849,0.85,0.844,0.841,0.842,0.823,0.858,0.837,0.833,0.859,0.842,0.835,0.846,0.849,0.839,0.838,0.838,0.842,0.842,0.824,0.84,0.831,0.856,0.843,0.839,0.838,0.849,0.831,0.852,0.85,0.853,0.844,0.844,0.86,0.838,0.846,0.838,0.839,0.845,0.833,0.839,0.849,0.847,0.858,0.85,0.842,0.863
09:05:58:9,OK,1065,24.041,22.843,22.826,11.382,10.767,10.178,9.579,8.987,8.379,7.79,7.196,6.399,5.74,5.232,4.497,3.745,3.238,2.5,1.733,1.241,0.487,0.277,0.776,1.53,2.272,2.778,3.525,4.278,4.769,5.538,6.292,6.776,7.522,8.286,8.789,9.531,10.317,10.786,11.446,11.364,10.775,10.189,9.592,8.968,8.38,7.793,7.183,6.417,5.723,5.245,4.487,3.73,3.234,2.497,1.721,1.236,0.486,0.289,0.789,1.542,2.301,2.778,3.541,4.288,4.796,5.527,6.286,6.787,7.533,8.278,8.781,9.519,10.292,10.784,11.458,0.833,0.835,0.843,0.844,0.834,0.849,0.857,0.843,0.855,0.848,0.865,0.842,0.84,0.852,0.849,0.854,0.854,0.846,0.855,0.834,0.864,0.848,0.845,0.836,0.843,0.851,0.823,0.837,0.85,0.834,0.839,0.844,0.843,0.851,0.833,0.836,0.859,0.837,0.845,0.836,0.838,0.848,0.858,0.848,0.849,0.86,0.841,0.835,0.834,0.854,0.834,0.849,0.841,0.862,0.84,0.853,0.841,0.843,0.847,0.848,0.85,0.842,0.849,0.846,0.839,0.851,0.841,0.842,0.846,0.855,0.837,0.832
09:07:24:6,OK,1144,24.05,22.825,22.824,11.386,10.773,10.185,9.575,8.978,8.383,7.783,7.193,6.397,5.736,5.232,4.486,3.737,3.231,2.483,1.721,1.249,0.489,0.289,0.784,1.539,2.285,2.783,3.533,4.283,4.79,5.531,6.279,6.773,7.516,8.28,8.787,9.529,10.296,10.787,11.439,11.394,10.766,10.198,9.589,8.985,8.391,7.789,7.197,6.41,5.743,5.238,4.479,3.734,3.234,2.477,1.726,1.239,0.502,0.288,0.774,1.52,2.281,2.777,3.531,4.277,4.777,5.523,6.286,6.773,7.527,8.276,8.782,9.545,10.272,10.776,11.463,0.841,0.852,0.821,0.85,0.837,0.844,0.856,0.844,0.83,0.841,0.852,0.829,0.834,0.834,0.857,0.843,0.833,0.838,0.84,0.836,0.846,0.839,0.857,0.849,0.842,0.833,0.836,0.835,0.861,0.858,0.848,0.837,0.85,0.84,0.841,0.845,0.858,0.85,0.826,0.846,0.839,0.841,0.854,0.845,0.841,0.847,0.852,0.853,0.843,0.837,0.826,0.86,0.853,0.839,0.847,0.853,0.838,0.847,0.839,0.831,0.865,0.848,0.834,0.833,0.84,0.821,0.831,0.851,0.855,0.841,0.841,0.847
09:09:13:1,OK,718,24.053,22.836,22.828,11.384,10.772,10.195,9.598,8.974,8.389,7.768,7.189,6.399,5.724,5.256,4.492,3.727,3.245,2.478,1.734,1.24,0.482,0.279,0.766,1.536,2.29,2.776,3.522,4.278,4.774,5.523,6.28,6.766,7.521,8.279,8.794,9.537,10.285,10.78,11.441,11.387,10.769,10.184,9.566,8.976,8.379,7.782,7.193,6.408,5.745,5.239,4.489,3.74,3.25,2.489,1.745,1.231,0.494,0.277,0.789,1.525,2.3,2.775,3.532,4.282,4.784,5.548,6.288,6.781,7.524,8.277,8.774,9.513,10.286,10.78,11.457,0.839,0.838,0.842,0.841,0.837,0.837,0.839,0.849,0.838,0.838,0.845,0.845,0.846,0.854,0.834,0.846,0.845,0.85,0.849,0.842,0.846,0.843,0.838,0.843,0.845,0.829,0.834,0.833,0.835,0.841,0.837,0.829,0.842,0.838,0.841,0.843,0.841,0.856,0.841,0.851,0.837,0.834,0.852,0.84,0.839,0.842,0.841,0.851,0.835,0.855,0.844,0.844,0.838,0.847,0.842,0.852,0.854,0.85,0.858,0.837,0.846,0.839,0.842,0.843,0.841,0.849,0.85,0.842,0.838,0.844,0.832,0.849
09:10:49:8,OK,1054,24.044,22.829,22.835,11.391,10.784,10.185,9.57,8.981,8.375,7.796,7.181,6.414,5.744,5.237,4.456,3.729,3.24,2.49,1.734,1.24,0.492,0.299,0.762,1.526,2.286,2.783,3.525,4.279,4.783,5.534,6.277,6.778,7.537,8.281,8.773,9.516,10.283,10.779,11.448,11.384,10.776,10.182,9.597,8.989,8.383,7.777,7.176,6.399,5.737,5.24,4.487,3.732,3.222,2.499,1.725,1.246,0.483,0.285,0.773,1.533,2.269,2.78,3.537,4.296,4.771,5.532,6.292,6.775,7.536,8.277,8.758,9.527,10.28,10.777,11.454,0.841,0.85,0.842,0.834,0.846,0.846,0.828,0.837,0.839,0.84,0.849,0.839,0.85,0.836,0.835,0.846,0.851,0.86,0.84,0.845,0.848,0.839,0.841,0.835,0.853,0.843,0.844,0.844,0.852,0.851,0.852,0.847,0.849,0.857,0.854,0.816,0.844,0.846,0.84,0.844,0.849,0.867,0.844,0.838,0.848,0.84,0.85,0.835,0.842,0.856,0.841,0.859,0.841,0.847,0.827,0.832,0.846,0.84,0.847,0.856,0.846,0.84,0.847,0.852,0.84,0.853,0.844,0.858,0.849,0.844,0.842,0.839
09:12:35:2,OK,1231,24.058,22.826,22.828,11.384,10.781,10.179,9.591,8.99,8.391,7.789,7.188,6.401,5.73,5.227,4.476,3.74,3.256,2.478,1.732,1.255,0.479,0.278,0.775,1.531,2.295,2.771,3.526,4.278,4.78,5.541,6.274,6.781,7.524,8.297,8.79,9.519,10.274,10.772,11.446,11.387,10.771,10.176,9.584,8.977,8.376,7.795,7.191,6.409,5.711,5.237,4.485,3.735,3.224,2.496,1.738,1.236,0.487,0.287,0.788,1.539,2.283,2.778,3.516,4.292,4.777,5.528,6.262,6.784,7.534,8.27,8.784,9.529,10.284,10.778,11.46,0.83,0.846,0.835,0.847,0.85,0.851,0.845,0.841,0.846,0.852,0.842,0.834,0.837,0.855,0.829,0.857,0.844,0.828,0.857,0.839,0.838,0.842,0.832,0.832,0.84,0.83,0.827,0.852,0.842,0.84,0.833,0.832,0.834,0.827,0.838,0.855,0.842,0.837,0.82,0.853,0.849,0.84,0.834,0.85,0.835,0.849,0.839,0.85,0.832,0.837,0.854,0.855,0.841,0.831,0.84,0.844,0.833,0.829,0.832,0.854,0.834,0.854,0.848,0.856,0.841,0.849,0.847,0.849,0.845,0.841,0.852,0.851
09:14:07:5,OK,1237,24.055,22.838,22.842,11.389,10.779,10.194,9.577,8.991,8.385,7.791,7.207,6.405,5.72,5.226,4.487,3.739,3.245,2.483,1.732,1.232,0.489,0.274,0.793,1.513,2.293,2.792,3.517,4.285,4.776,5.52,6.291,6.78,7.526,8.289,8.774,9.53,10.27,10.778,11.45,11.382,10.762,10.195,9.588,8.985,8.395,7.783,7.176,6.421,5.737,5.232,4.482,3.725,3.236,2.501,1.726,1.251,0.489,0.265,0.786,1.532,2.286,2.776,3.517,4.283,4.775,5.532,6.266,6.761,7.522,8.282,8.789,9.525,10.281,10.778,11.453,0.838,0.852,0.842,0.841,0.836,0.84,0.845,0.849,0.84,0.842,0.84,0.834,0.824,0.84,0.837,0.838,0.832,0.864,0.84,0.826,0.845,0.844,0.848,0.853,0.847,0.856,0.835,0.842,0.84,0.843,0.844,0.837,0.839,0.84,0.846,0.848,0.846,0.844,0.836,0.844,0.842,0.835,0.831,0.831,0.855,0.856,0.849,0.859,0.825,0.842,0.844,0.848,0.845,0.847,0.833,0.842,0.853,0.826,0.834,0.849,0.843,0.842,0.835,0.844,0.852,0.838,0.838,0.842,0.847,0.854,0.842,0.843
09:15:54:3,OK,1224,24.056,22.837,22.822,11.387,10.779,10.18,9.586,8.997,8.373,7.784,7.18,6.399,5.742,5.242,4.493,3.743,3.224,2.485,1.731,1.238,0.487,0.291,0.785,1.544,2.269,2.783,3.529,4.271,4.779,5.527,6.277,6.779,7.535,8.273,8.786,9.528,10.288,10.773,11.456,11.388,10.774,10.198,9.571,8.991,8.383,7.785,7.185,6.404,5.732,5.251,4.489,3.748,3.238,2.497,1.718,1.25,0.484,0.282,0.771,1.516,2.276,2.795,3.519,4.285,4.772,5.522,6.295,6.762,7.538,8.291,8.781,9.528,10.274,10.772,11.466,0.845,0.849,0.84,0.823,0.84,0.853,0.834,0.84,0.847,0.841,0.849,0.834,0.844,0.853,0.842,0.836,0.831,0.847,0.837,0.845,0.847,0.846,0.835,0.844,0.845,0.851,0.833,0.839,0.845,0.85,0.836,0.844,0.854,0.845,0.837,0.835,0.851,0.842,0.826,0.845,0.837,0.836,0.846,0.841,0.836,0.851,0.852,0.839,0.847,0.832,0.841,0.844,0.824,0.857,0.845,0.848,0.849,0.835,0.836,0.828,0.852,0.847,0.841,0.847,0.829,0.844,0.847,0.835,0.825,0.845,0.833,0.843
09:17:29:6,OK,1217,24.037,22.832,22.836,11.405,10.769,10.192,9.575,8.993,8.389,7.779,7.187,6.408,5.735,5.242,4.484,3.756,3.234,2.473,1.724,1.23,0.501,0.286,0.79,1.521,2.275,2.774,3.53,4.281,4.783,5.527,6.28,6.781,7.532,8.273,8.778,9.523,10.296,10.78,11.452,11.408,10.782,10.183,9.583,8.977,8.393,7.794,7.184,6.414,5.719,5.25,4.489,3.748,3.239,2.47,1.741,1.239,0.476,0.276,0.774,1.523,2.275,2.786,3.531,4.283,4.776,5.527,6.297,6.776,7.533,8.273,8.769,9.526,10.279,10.774,11.447,0.836,0.842,0.846,0.845,0.852,0.848,0.853,0.839,0.842,0.849,0.856,0.845,0.849,0.838,0.838,0.844,0.847,0.835,0.849,0.83,0.838,0.841,0.836,0.84,0.83,0.839,0.837,0.847,0.84,0.84,0.841,0.846,0.849,0.836,0.844,0.843,0.843,0.835,0.845,0.834,0.845,0.853,0.857,0.84,0.851,0.852,0.838,0.845,0.831,0.825,0.83,0.842,0.837,0.83,0.857,0.843,0.839,0.838,0.835,0.858,0.843,0.837,0.837,0.853,0.836,0.827,0.834,0.831,0.832,0.828,0.853,0.847
09:19:18:2,OK,1448,24.061,22.838,22.832,11.362,10.773,10.191,9.58,8.995,8.398,7.768,7.185,6.413,5.74,5.245,4.479,3.718,3.244,2.494,1.722,1.251,0.493,0.287,0.777,1.526,2.303,2.777,3.533,4.29,4.801,5.53,6.28,6.791,7.532,8.284,8.78,9.527,10.28,10.775,11.454,11.382,10.771,10.197,9.592,8.978,8.381,7.789,7.192,6.409,5.723,5.243,4.481,3.737,3.242,2.49,1.753,1.219,0.488,0.301,0.781,1.523,2.286,2.775,3.53,4.285,4.783,5.529,6.287,6.771,7.531,8.275,8.786,9.524,10.278,10.787,11.463,0.848,0.835,0.838,0.839,0.859,0.849,0.85,0.853,0.83,0.855,0.847,0.841,0.821,0.832,0.842,0.85,0.841,0.852,0.851,0.834,0.824,0.84,0.846,0.852,0.85,0.829,0.854,0.84,0.828,0.845,0.835,0.852,0.856,0.836,0.843,0.843,0.841,0.844,0.835,0.841,0.843,0.845,0.846,0.867,0.853,0.845,0.844,0.84,0.843,0.856,0.84,0.836,0.845,0.835,0.845,0.831,0.844,0.843,0.837,0.852,0.848,0.843,0.849,0.843,0.844,0.85,0.833,0.851,0.852,0.843,0.846,0.845
09:20:57:7,OK,1240,24.044,22.832,22.82,11.378,10.777,10.183,9.591,8.979,8.376,7.786,7.202,6.412,5.741,5.24,4.483,3.727,3.219,2.487,1.725,1.23,0.474,0.288,0.773,1.511,2.269,2.776,3.526,4.289,4.779,5.533,6.279,6.772,7.538,8.279,8.784,9.527,10.291,10.795,11.459,11.38,10.776,10.189,9.581,8.981,8.387,7.785,7.185,6.398,5.748,5.241,4.499,3.745,3.234,2.488,1.725,1.225,0.485,0.285,0.781,1.548,2.28,2.78,3.544,4.276,4.766,5.536,6.269,6.789,7.528,8.295,8.772,9.54,10.283,10.78,11.467,0.853,0.838,0.839,0.836,0.817,0.858,0.847,0.849,0.854,0.852,0.852,0.851,0.853,0.852,0.848,0.848,0.84,0.849,0.843,0.841,0.836,0.828,0.848,0.853,0.847,0.85,0.837,0.841,0.843,0.841,0.836,0.828,0.839,0.831,0.842,0.85,0.846,0.845,0.84,0.859,0.84,0.851,0.833,0.838,0.847,0.845,0.842,0.839,0.848,0.833,0.848,0.837,0.846,0.854,0.845,0.843,0.833,0.834,0.854,0.846,0.841,0.853,0.835,0.851,0.835,0.859,0.844,0.831,0.842,0.86,0.852,0.842
09:22:42:4,OK,667,24.037,22.825,22.827,11.389,10.783,10.197,9.594,8.997,8.387,7.776,7.181,6.394,5.722,5.246,4.491,3.728,3.223,2.468,1.728,1.25,0.487,0.29,0.784,1.53,2.28,2.783,3.544,4.296,4.786,5.518,6.275,6.784,7.523,8.28,8.77,9.53,10.285,10.802,11.439,11.379,10.764,10.18,9.592,8.983,8.381,7.782,7.187,6.424,5.744,5.239,4.472,3.736,3.242,2.496,1.731,1.235,0.477,0.276,0.774,1.538,2.296,2.784,3.536,4.284,4.786,5.527,6.298,6.774,7.53,8.282,8.772,9.533,10.272,10.773,11.445,0.844,0.845,0.845,0.844,0.844,0.848,0.838,0.843,0.848,0.855,0.845,0.837,0.846,0.853,0.845,0.843,0.85,0.865,0.846,0.839,0.842,0.85,0.855,0.846,0.853,0.84,0.845,0.845,0.851,0.838,0.856,0.832,0.857,0.824,0.841,0.849,0.848,0.843,0.847,0.848,0.839,0.857,0.831,0.836,0.839,0.846,0.836,0.853,0.856,0.862,0.841,0.846,0.84,0.841,0.83,0.85,0.845,0.852,0.846,0.841,0.836,0.845,0.843,0.838,0.861,0.839,0.848,0.84,0.838,0.829,0.835,0.844
09:24:11:9,OK,1241,24.056,22.832,22.829,11.389,10.769,10.174,9.585,8.984,8.383,7.789,7.185,6.408,5.73,5.228,4.5,3.743,3.229,2.483,1.735,1.24,0.486,0.274,0.782,1.541,2.286,2.767,3.543,4.286,4.772,5.541,6.284,6.778,7.523,8.289,8.769,9.534,10.275,10.768,11.458,11.381,10.78,10.192,9.603,8.983,8.383,7.783,7.189,6.409,5.733,5.23,4.484,3.728,3.228,2.494,1.734,1.23,0.483,0.285,0.776,1.532,2.276,2.777,3.517,4.272,4.773,5.518,6.288,6.774,7.547,8.291,8.783,9.536,10.262,10.77,11.457,0.825,0.85,0.836,0.834,0.831,0.839,0.838,0.838,0.852,0.854,0.851,0.837,0.834,0.846,0.843,0.85,0.833,0.834,0.849,0.846,0.838,0.844,0.85,0.836,0.852,0.84,0.842,0.833,0.851,0.842,0.837,0.853,0.845,0.859,0.841,0.851,0.831,0.849,0.834,0.836,0.838,0.845,0.851,0.839,0.855,0.836,0.826,0.845,0.845,0.852,0.844,0.848,0.844,0.842,0.828,0.851,0.843,0.852,0.849,0.839,0.831,0.834,0.853,0.85,0.836,0.839,0.823,0.827,0.835,0.846,0.837,0.838
09:25:58:1,OK,1288,24.046,22.835,22.838,11.387,10.785,10.188,9.584,8.974,8.393,7.786,7.191,6.417,5.738,5.242,4.49,3.742,3.24,2.483,1.74,1.23,0.482,0.283,0.783,1.531,2.277,2.787,3.531,4.272,4.77,5.526,6.294,6.79,7.534,8.272,8.784,9.533,10.284,10.767,11.452,11.402,10.773,10.182,9.584,8.982,8.39,7.784,7.175,6.406,5.742,5.242,4.477,3.738,3.244,2.488,1.743,1.246,0.482,0.285,0.773,1.52,2.287,2.795,3.521,4.287,4.787,5.535,6.287,6.784,7.532,8.268,8.804,9.537,10.28,10.776,11.449,0.843,0.857,0.844,0.86,0.832,0.842,0.823,0.861,0.832,0.854,0.849,0.849,0.84,0.826,0.846,0.858,0.847,0.84,0.83,0.837,0.851,0.831,0.844,0.841,0.841,0.843,0.846,0.846,0.842,0.849,0.839,0.836,0.837,0.843,0.849,0.824,0.848,0.862,0.842,0.839,0.848,0.851,0.853,0.845,0.853,0.843,0.85,0.841,0.829,0.843,0.843,0.848,0.834,0.843,0.843,0.841,0.842,0.854,0.854,0.838,0.833,0.836,0.827,0.845,0.854,0.835,0.848,0.843,0.844,0.836,0.853,0.838
09:27:46:5,OK,1237,24.042,22.816,22.815,11.374,10.762,10.188,9.582,9,8.382,7.777,7.185,6.394,5.751,5.234,4.492,3.738,3.235,2.49,1.727,1.222,0.491,0.286,0.777,1.531,2.284,2.78,3.519,4.279,4.775,5.523,6.286,6.782,7.535,8.27,8.789,9.525,10.289,10.773,11.449,11.386,10.776,10.184,9.591,8.986,8.394,7.794,7.186,6.397,5.739,5.229,4.482,3.724,3.235,2.484,1.742,1.248,0.484,0.273,0.779,1.526,2.285,2.771,3.543,4.268,4.784,5.537,6.285,6.788,7.529,8.272,8.775,9.523,10.292,10.77,11.447,0.844,0.845,0.827,0.849,0.839,0.843,0.846,0.843,0.838,0.854,0.847,0.858,0.839,0.86,0.837,0.845,0.859,0.835,0.831,0.84,0.845,0.852,0.841,0.84,0.853,0.84,0.851,0.844,0.841,0.844,0.831,0.842,0.839,0.846,0.837,0.851,0.825,0.837,0.846,0.844,0.839,0.841,0.836,0.834,0.844,0.85,0.846,0.847,0.84,0.841,0.838,0.839,0.856,0.841,0.832,0.84,0.852,0.851,0.842,0.85,0.831,0.847,0.828,0.847,0.845,0.827,0.84,0.863,0.838,0.838,0.84,0.843
09:29:14:8,OK,1224,24.046,22.831,22.839,11.389,10.788,10.198,9.587,8.996,8.385,7.78,7.19,6.404,5.729,5.221,4.485,3.742,3.247,2.486,1.738,1.232,0.468,0.292,0.788,1.524,2.271,2.781,3.542,4.277,4.765,5.531,6.296,6.792,7.526,8.267,8.785,9.536,10.283,10.77,11.446,11.4,10.789,10.195,9.587,8.972,8.395,7.801,7.188,6.394,5.729,5.256,4.477,3.717,3.237,2.481,1.73,1.248,0.486,0.262,0.775,1.54,2.281,2.771,3.527,4.288,4.784,5.521,6.292,6.788,7.531,8.286,8.763,9.526,10.273,10.775,11.459,0.852,0.851,0.856,0.845,0.85,0.844,0.846,0.843,0.839,0.851,0.856,0.838,0.839,0.832,0.85,0.835,0.832,0.844,0.851,0.848,0.844,0.851,0.847,0.843,0.849,0.848,0.862,0.836,0.841,0.851,0.846,0.838,0.856,0.85,0.847,0.857,0.855,0.836,0.849,0.86,0.839,0.839,0.836,0.854,0.849,0.851,0.837,0.854,0.848,0.841,0.842,0.853,0.835,0.847,0.85,0.834,0.847,0.845,0.851,0.839,0.834,0.844,0.849,0.852,0.846,0.837,0.848,0.842,0.833,0.843,0.832,0.834
09:31:03:6,OK,1238,24.056,22.832,22.839,11.395,10.785,10.179,9.581,8.98,8.386,7.786,7.181,6.417,5.735,5.25,4.487,3.735,3.255,2.486,1.727,1.252,0.476,0.292,0.78,1.526,2.288,2.773,3.521,4.285,4.77,5.518,6.27,6.79,7.525,8.268,8.771,9.533,10.276,10.787,11.443,11.381,10.781,10.196,9.588,9.001,8.386,7.78,7.185,6.415,5.738,5.234,4.492,3.744,3.234,2.477,1.72,1.253,0.494,0.279,0.787,1.522,2.291,2.775,3.534,4.287,4.767,5.529,6.285,6.78,7.529,8.291,8.785,9.521,10.279,10.761,11.446,0.84,0.846,0.853,0.855,0.849,0.843,0.83,0.846,0.847,0.848,0.848,0.844,0.84,0.833,0.859,0.844,0.853,0.846,0.841,0.83,0.861,0.854,0.843,0.838,0.834,0.834,0.853,0.848,0.838,0.843,0.841,0.838,0.844,0.837,0.83,0.848,0.844,0.868,0.841,0.842,0.846,0.836,0.851,0.843,0.847,0.843,0.855,0.841,0.84,0.83,0.839,0.826,0.844,0.867,0.853,0.849,0.85,0.834,0.836,0.846,0.851,0.842,0.839,0.84,0.835,0.848,0.856,0.833,0.852,0.844,0.852,0.85
09:32:37:2,OK,1045,24.037,22.83,22.832,11.389,10.789,10.178,9.593,8.989,8.378,7.807,7.186,6.414,5.729,5.247,4.482,3.732,3.225,2.48,1.74,1.224,0.48,0.282,0.773,1.542,2.286,2.767,3.528,4.288,4.782,5.52,6.291,6.769,7.538,8.281,8.783,9.54,10.277,10.78,11.455,11.392,10.781,10.188,9.59,8.982,8.379,7.786,7.187,6.416,5.733,5.242,4.493,3.735,3.244,2.503,1.724,1.236,0.484,0.291,0.78,1.519,2.286,2.774,3.526,4.289,4.783,5.533,6.28,6.764,7.519,8.292,8.788,9.54,10.283,10.765,11.449,0.846,0.836,0.844,0.836,0.841,0.855,0.844,0.84,0.859,0.849,0.841,0.841,0.859,0.835,0.845,0.834,0.846,0.827,0.839,0.853,0.835,0.842,0.833,0.853,0.839,0.856,0.859,0.839,0.833,0.858,0.847,0.844,0.839,0.844,0.833,0.852,0.832,0.86,0.827,0.843,0.833,0.835,0.842,0.847,0.832,0.823,0.837,0.844,0.851,0.844,0.834,0.852,0.857,0.842,0.846,0.853,0.85,0.841,0.849,0.854,0.849,0.849,0.854,0.843,0.847,0.864,0.863,0.838,0.85,0.839,0.859,0.859
09:34:25:7,OK,1063,24.056,22.838,22.835,11.375,10.769,10.192,9.59,8.979,8.377,7.803,7.196,6.401,5.722,5.235,4.487,3.726,3.237,2.493,1.727,1.239,0.484,0.283,0.787,1.524,2.285,2.787,3.526,4.279,4.777,5.533,6.27,6.771,7.519,8.292,8.76,9.537,10.273,10.776,11.455,11.384,10.767,10.183,9.598,8.987,8.381,7.801,7.195,6.396,5.728,5.235,4.488,3.736,3.222,2.468,1.729,1.24,0.478,0.276,0.789,1.529,2.277,2.781,3.54,4.281,4.779,5.537,6.26,6.785,7.523,8.284,8.787,9.529,10.286,10.774,11.454,0.835,0.854,0.843,0.837,0.833,0.843,0.846,0.858,0.846,0.852,0.835,0.837,0.841,0.843,0.853,0.837,0.843,0.837,0.84,0.837,0.836,0.851,0.839,0.845,0.851,0.855,0.847,0.833,0.841,0.823,0.845,0.843,0.855,0.838,0.834,0.861,0.84,0.821,0.851,0.846,0.828,0.827,0.834,0.839,0.823,0.84,0.85,0.85,0.839,0.849,0.846,0.833,0.828,0.848,0.844,0.855,0.837,0.849,0.839,0.851,0.862,0.842,0.844,0.83,0.843,0.837,0.851,0.843,0.835,0.847,0.857,0.855
09:36:09:4,OK,1052,24.057,22.824,22.852,11.383,10.776,10.179,9.602,8.981,8.376,7.778,7.184,6.413,5.732,5.258,4.478,3.743,3.261,2.479,1.711,1.235,0.48,0.274,0.775,1.531,2.282,2.785,3.517,4.278,4.769,5.517,6.284,6.786,7.524,8.281,8.758,9.528,10.29,10.778,11.455,11.388,10.778,10.197,9.584,8.999,8.386,7.786,7.185,6.399,5.736,5.253,4.484,3.734,3.243,2.494,1.731,1.259,0.491,0.288,0.79,1.528,2.287,2.779,3.516,4.282,4.777,5.525,6.28,6.782,7.53,8.285,8.785,9.515,10.288,10.771,11.44,0.837,0.826,0.841,0.847,0.841,0.847,0.84,0.843,0.841,0.848,0.834,0.842,0.846,0.845,0.842,0.861,0.844,0.846,0.835,0.851,0.845,0.857,0.84,0.851,0.846,0.849,0.833,0.852,0.838,0.849,0.848,0.842,0.838,0.85,0.842,0.836,0.857,0.859,0.84,0.836,0.856,0.844,0.836,0.847,0.848,0.839,0.828,0.85,0.847,0.848,0.829,0.839,0.845,0.854,0.85,0.848,0.851,0.834,0.853,0.857,0.847,0.845,0.842,0.835,0.843,0.846,0.847,0.855,0.848,0.843,0.841,0.844
09:37:58:1,OK,1054,24.049,22.842,22.832,11.385,10.755,10.192,9.584,8.981,8.38,7.783,7.169,6.408,5.741,5.243,4.492,3.732,3.235,2.479,1.731,1.227,0.49,0.29,0.765,1.522,2.291,2.771,3.531,4.283,4.786,5.531,6.287,6.779,7.524,8.28,8.789,9.525,10.264,10.783,11.446,11.383,10.781,10.178,9.577,8.984,8.392,7.78,7.19,6.409,5.734,5.235,4.49,3.736,3.244,2.495,1.731,1.232,0.498,0.291,0.764,1.526,2.283,2.77,3.539,4.283,4.764,5.537,6.297,6.775,7.539,8.289,8.783,9.53,10.289,10.777,11.445,0.831,0.853,0.843,0.849,0.846,0.844,0.842,0.85,0.853,0.833,0.858,0.838,0.852,0.843,0.829,0.838,0.835,0.854,0.849,0.853,0.839,0.839,0.833,0.849,0.845,0.852,0.845,0.839,0.847,0.834,0.844,0.836,0.85,0.839,0.835,0.855,0.851,0.859,0.851,0.836,0.842,0.872,0.833,0.838,0.826,0.848,0.849,0.836,0.839,0.857,0.849,0.85,0.845,0.853,0.843,0.848,0.856,0.84,0.851,0.853,0.841,0.833,0.839,0.842,0.84,0.827,0.853,0.847,0.837,0.845,0.856,0.835
09:39:21:5,OK,1100,24.05,22.821,22.818,11.387,10.78,10.193,9.58,9.005,8.382,7.776,7.194,6.396,5.725,5.236,4.498,3.731,3.245,2.483,1.731,1.226,0.483,0.294,0.782,1.533,2.287,2.777,3.539,4.281,4.786,5.525,6.291,6.782,7.52,8.278,8.775,9.544,10.265,10.769,11.44,11.371,10.77,10.186,9.588,8.975,8.398,7.785,7.191,6.414,5.743,5.246,4.492,3.727,3.24,2.477,1.723,1.243,0.488,0.281,0.758,1.546,2.302,2.773,3.533,4.29,4.783,5.53,6.281,6.785,7.514,8.291,8.782,9.527,10.298,10.785,11.446,0.829,0.838,0.839,0.838,0.86,0.837,0.844,0.844,0.846,0.84,0.84,0.846,0.845,0.848,0.845,0.847,0.838,0.841,0.843,0.846,0.83,0.846,0.848,0.846,0.838,0.843,0.85,0.849,0.84,0.844,0.839,0.853,0.847,0.833,0.835,0.852,0.848,0.849,0.846,0.852,0.843,0.842,0.846,0.828,0.827,0.85,0.823,0.848,0.84,0.833,0.865,0.843,0.849,0.838,0.847,0.859,0.84,0.836,0.834,0.844,0.856,0.828,0.839,0.838,0.836,0.843,0.832,0.857,0.838,0.844,0.83,0.839
09:41:08:9,OK,1121,24.062,22.83,22.832,11.365,10.78,10.18,9.582,8.986,8.393,7.782,7.193,6.403,5.737,5.227,4.476,3.736,3.23,2.49,1.741,1.241,0.495,0.286,0.791,1.529,2.29,2.769,3.537,4.274,4.762,5.535,6.287,6.764,7.538,8.287,8.775,9.535,10.276,10.775,11.457,11.382,10.774,10.182,9.586,8.963,8.398,7.781,7.197,6.404,5.739,5.236,4.496,3.734,3.231,2.501,1.731,1.234,0.481,0.289,0.772,1.529,2.283,2.782,3.539,4.272,4.776,5.53,6.281,6.774,7.525,8.283,8.787,9.534,10.29,10.778,11.439,0.836,0.846,0.839,0.846,0.842,0.848,0.856,0.853,0.838,0.828,0.852,0.838,0.842,0.837,0.828,0.833,0.847,0.854,0.847,0.839,0.831,0.839,0.854,0.851,0.851,0.844,0.842,0.828,0.842,0.849,0.836,0.833,0.856,0.852,0.848,0.843,0.854,0.85,0.853,0.835,0.845,0.86,0.848,0.821,0.826,0.835,0.856,0.833,0.833,0.845,0.83,0.847,0.844,0.85,0.857,0.837,0.844,0.84,0.839,0.852,0.856,0.84,0.833,0.844,0.836,0.832,0.828,0.849,0.835,0.853,0.835,0.844
09:42:54:3,OK,1127,24.055,22.827,22.848,11.377,10.776,10.186,9.584,8.996,8.374,7.789,7.18,6.425,5.729,5.234,4.49,3.731,3.246,2.487,1.736,1.244,0.479,0.27,0.779,1.527,2.279,2.76,3.522,4.278,4.792,5.518,6.289,6.778,7.522,8.288,8.782,9.521,10.281,10.783,11.46,11.38,10.784,10.179,9.595,8.995,8.388,7.781,7.194,6.399,5.733,5.243,4.493,3.737,3.235,2.488,1.748,1.25,0.476,0.29,0.78,1.531,2.287,2.781,3.521,4.285,4.774,5.517,6.288,6.787,7.527,8.276,8.773,9.53,10.282,10.756,11.456,0.856,0.838,0.843,0.839,0.846,0.849,0.836,0.84,0.833,0.842,0.85,0.837,0.858,0.833,0.842,0.834,0.841,0.844,0.858,0.839,0.835,0.842,0.841,0.834,0.843,0.844,0.857,0.857,0.848,0.842,0.839,0.832,0.836,0.86,0.84,0.849,0.821,0.838,0.837,0.848,0.824,0.837,0.844,0.839,0.862,0.845,0.853,0.832,0.83,0.856,0.841,0.836,0.84,0.84,0.858,0.839,0.851,0.835,0.853,0.833,0.847,0.852,0.853,0.841,0.846,0.846,0.822,0.84,0.851,0.84,0.843,0.84
09:44:36:8,OK,1132,24.063,22.832,22.836,11.385,10.764,10.204,9.58,8.991,8.39,7.776,7.185,6.417,5.74,5.234,4.474,3.74,3.25,2.48,1.74,1.227,0.48,0.287,0.775,1.526,2.267,2.771,3.531,4.276,4.779,5.519,6.281,6.786,7.533,8.284,8.775,9.529,10.289,10.777,11.464,11.407,10.783,10.183,9.593,8.993,8.383,7.783,7.189,6.409,5.74,5.248,4.499,3.73,3.245,2.481,1.751,1.241,0.506,0.297,0.781,1.519,2.276,2.793,3.515,4.289,4.773,5.53,6.285,6.78,7.543,8.29,8.758,9.535,10.285,10.773,11.445,0.847,0.843,0.845,0.828,0.847,0.851,0.839,0.841,0.839,0.85,0.83,0.864,0.836,0.854,0.846,0.846,0.85,0.827,0.838,0.829,0.844,0.842,0.846,0.839,0.845,0.821,0.853,0.832,0.846,0.851,0.832,0.848,0.841,0.85,0.849,0.834,0.838,0.829,0.846,0.854,0.851,0.835,0.855,0.837,0.844,0.825,0.842,0.84,0.829,0.836,0.836,0.836,0.848,0.848,0.845,0.853,0.841,0.846,0.843,0.838,0.834,0.839,0.838,0.842,0.848,0.846,0.843,0.842,0.844,0.848,0.842,0.848
09:46:11:2,OK,1105,24.05,22.827,22.821,11.372,10.773,10.188,9.603,8.986,8.386,7.793,7.179,6.417,5.742,5.243,4.498,3.729,3.237,2.476,1.729,1.219,0.484,0.298,0.779,1.53,2.279,2.77,3.535,4.292,4.761,5.515,6.281,6.775,7.528,8.286,8.797,9.526,10.3,10.772,11.442,11.387,10.777,10.188,9.573,8.992,8.396,7.785,7.17,6.403,5.722,5.23,4.479,3.733,3.24,2.491,1.73,1.247,0.481,0.288,0.782,1.523,2.297,2.791,3.525,4.277,4.782,5.53,6.289,6.792,7.513,8.282,8.771,9.515,10.298,10.77,11.457,0.847,0.854,0.843,0.857,0.84,0.845,0.839,0.835,0.851,0.834,0.844,0.836,0.848,0.846,0.837,0.843,0.835,0.852,0.831,0.856,0.848,0.841,0.838,0.84,0.842,0.84,0.849,0.845,0.842,0.846,0.833,0.848,0.848,0.837,0.851,0.847,0.835,0.848,0.84,0.841,0.834,0.84,0.84,0.849,0.838,0.826,0.848,0.855,0.853,0.831,0.851,0.858,0.848,0.833,0.84,0.846,0.85,0.833,0.837,0.828,0.838,0.859,0.858,0.835,0.852,0.851,0.834,0.86,0.844,0.843,0.844,0.85
09:47:57:6,OK,1106,24.056,22.831,22.83,11.395,10.783,10.174,9.59,8.977,8.384,7.8,7.176,6.395,5.723,5.236,4.494,3.74,3.239,2.478,1.729,1.229,0.483,0.275,0.771,1.514,2.285,2.773,3.541,4.282,4.783,5.529,6.284,6.79,7.529,8.27,8.786,9.545,10.28,10.782,11.457,11.391,10.792,10.186,9.588,8.996,8.379,7.788,7.178,6.402,5.731,5.222,4.495,3.738,3.232,2.479,1.73,1.241,0.478,0.292,0.778,1.531,2.274,2.761,3.528,4.279,4.772,5.54,6.282,6.783,7.527,8.287,8.777,9.526,10.276,10.781,11.455,0.839,0.856,0.849,0.843,0.833,0.84,0.847,0.849,0.839,0.844,0.849,0.855,0.845,0.836,0.846,0.848,0.844,0.829,0.827,0.838,0.841,0.849,0.842,0.853,0.855,0.846,0.848,0.844,0.843,0.847,0.825,0.833,0.841,0.856,0.853,0.846,0.837,0.827,0.836,0.856,0.847,0.835,0.85,0.856,0.833,0.851,0.847,0.845,0.841,0.85,0.849,0.832,0.827,0.832,0.843,0.844,0.844,0.84,0.835,0.837,0.849,0.844,0.839,0.84,0.855,0.841,0.855,0.85,0.835,0.845,0.833,0.834
09:49:42:1,OK,985,24.061,22.83,22.83,11.394,10.778,10.185,9.598,9.004,8.391,7.764,7.173,6.4,5.739,5.23,4.484,3.721,3.258,2.498,1.737,1.228,0.492,0.288,0.766,1.536,2.286,2.785,3.52,4.288,4.776,5.53,6.288,6.787,7.525,8.274,8.782,9.538,10.276,10.792,11.457,11.382,10.782,10.187,9.583,8.983,8.387,7.791,7.193,6.404,5.73,5.234,4.493,3.746,3.244,2.482,1.735,1.253,0.489,0.276,0.769,1.524,2.273,2.784,3.528,4.291,4.769,5.527,6.288,6.772,7.525,8.295,8.767,9.546,10.291,10.778,11.465,0.845,0.851,0.847,0.839,0.854,0.846,0.841,0.824,0.848,0.838,0.848,0.842,0.825,0.853,0.84,0.825,0.836,0.847,0.841,0.839,0.87,0.828,0.859,0.83,0.833,0.852,0.84,0.856,0.846,0.835,0.837,0.841,0.838,0.85,0.847,0.845,0.841,0.844,0.853,0.837,0.849,0.852,0.833,0.849,0.85,0.87,0.845,0.847,0.844,0.834,0.849,0.844,0.844,0.849,0.847,0.827,0.847,0.837,0.842,0.839,0.841,0.837,0.848,0.844,0.847,0.848,0.858,0.853,0.831,0.843,0.836,0.847
09:51:28:4,OK,1112,24.053,22.836,22.829,11.385,10.775,10.192,9.589,8.99,8.369,7.77,7.182,6.418,5.726,5.221,4.483,3.735,3.247,2.487,1.723,1.237,0.502,0.29,0.785,1.539,2.276,2.777,3.54,4.299,4.783,5.526,6.271,6.773,7.531,8.281,8.779,9.523,10.272,10.778,11.464,11.401,10.761,10.181,9.587,8.979,8.375,7.762,7.177,6.418,5.727,5.233,4.483,3.729,3.258,2.472,1.742,1.25,0.481,0.277,0.782,1.512,2.27,2.783,3.513,4.28,4.783,5.537,6.279,6.791,7.523,8.282,8.779,9.531,10.286,10.781,11.457,0.843,0.844,0.845,0.839,0.854,0.845,0.84,0.835,0.824,0.848,0.848,0.837,0.829,0.841,0.836,0.85,0.846,0.863,0.861,0.842,0.837,0.845,0.838,0.845,0.844,0.84,0.852,0.848,0.843,0.835,0.827,0.857,0.843,0.847,0.826,0.844,0.84,0.84,0.854,0.835,0.841,0.852,0.851,0.843,0.844,0.856,0.851,0.832,0.829,0.839,0.843,0.845,0.846,0.835,0.841,0.834,0.841,0.849,0.836,0.834,0.842,0.841,0.85,0.833,0.848,0.836,0.854,0.847,0.845,0.853,0.847,0.847
09:53:03:7,OK,983,24.039,22.836,22.829,11.391,10.792,10.181,9.585,8.989,8.378,7.793,7.174,6.387,5.734,5.231,4.479,3.746,3.231,2.477,1.736,1.254,0.484,0.288,0.781,1.539,2.269,2.795,3.531,4.273,4.782,5.542,6.264,6.776,7.534,8.279,8.774,9.554,10.281,10.789,11.446,11.389,10.776,10.175,9.586,8.986,8.381,7.788,7.195,6.409,5.725,5.24,4.489,3.736,3.235,2.479,1.733,1.239,0.483,0.28,0.779,1.527,2.289,2.782,3.534,4.288,4.777,5.537,6.288,6.771,7.523,8.271,8.777,9.529,10.281,10.792,11.449,0.85,0.847,0.843,0.84,0.848,0.84,0.839,0.832,0.861,0.847,0.844,0.833,0.832,0.845,0.843,0.848,0.834,0.854,0.849,0.839,0.842,0.837,0.859,0.848,0.837,0.849,0.835,0.838,0.845,0.846,0.861,0.833,0.852,0.848,0.839,0.85,0.842,0.833,0.853,0.833,0.846,0.855,0.857,0.854,0.857,0.849,0.845,0.854,0.864,0.842,0.834,0.844,0.832,0.847,0.844,0.842,0.846,0.847,0.832,0.837,0.839,0.851,0.851,0.849,0.854,0.849,0.848,0.853,0.829,0.858,0.841,0.836
09:54:51:9,OK,1072,24.062,22.839,22.836,11.385,10.776,10.194,9.579,8.991,8.386,7.786,7.185,6.406,5.73,5.236,4.48,3.72,3.239,2.49,1.742,1.25,0.484,0.276,0.788,1.522,2.271,2.769,3.536,4.284,4.785,5.535,6.301,6.784,7.534,8.296,8.768,9.534,10.272,10.776,11.441,11.397,10.775,10.193,9.597,8.981,8.389,7.791,7.198,6.39,5.73,5.234,4.479,3.737,3.236,2.487,1.733,1.241,0.494,0.284,0.775,1.52,2.286,2.777,3.534,4.267,4.772,5.538,6.284,6.775,7.54,8.277,8.762,9.522,10.283,10.78,11.46,0.835,0.858,0.84,0.845,0.849,0.85,0.833,0.835,0.846,0.833,0.853,0.852,0.844,0.845,0.84,0.841,0.854,0.84,0.835,0.854,0.844,0.842,0.836,0.849,0.856,0.838,0.838,0.844,0.837,0.842,0.846,0.851,0.845,0.841,0.865,0.834,0.849,0.844,0.843,0.859,0.838,0.845,0.856,0.84,0.828,0.845,0.843,0.835,0.849,0.838,0.844,0.847,0.836,0.852,0.836,0.853,0.855,0.835,0.834,0.861,0.839,0.844,0.838,0.852,0.842,0.84,0.839,0.834,0.822,0.843,0.839,0.855
09:56:26:5,OK,1327,24.046,22.837,22.822,11.388,10.786,10.182,9.589,8.977,8.365,7.777,7.167,6.393,5.73,5.24,4.483,3.718,3.242,2.481,1.742,1.256,0.494,0.284,0.776,1.524,2.294,2.769,3.531,4.275,4.774,5.527,6.276,6.777,7.515,8.271,8.776,9.538,10.283,10.786,11.447,11.382,10.787,10.196,9.585,8.972,8.384,7.778,7.187,6.402,5.743,5.233,4.497,3.736,3.226,2.495,1.735,1.244,0.483,0.27,0.78,1.527,2.291,2.774,3.528,4.29,4.789,5.532,6.294,6.769,7.53,8.282,8.771,9.51,10.274,10.782,11.447,0.843,0.845,0.842,0.844,0.825,0.828,0.846,0.838,0.847,0.846,0.836,0.831,0.825,0.86,0.839,0.846,0.842,0.852,0.841,0.842,0.832,0.849,0.841,0.849,0.847,0.851,0.855,0.845,0.855,0.849,0.826,0.845,0.847,0.844,0.834,0.852,0.83,0.848,0.855,0.845,0.842,0.848,0.847,0.822,0.852,0.824,0.843,0.844,0.834,0.836,0.843,0.827,0.847,0.862,0.843,0.844,0.837,0.844,0.842,0.842,0.85,0.84,0.849,0.84,0.85,0.825,0.812,0.838,0.84,0.824,0.826,0.839
09:58:13:8,OK,1333,24.045,22.828,22.847,11.381,10.776,10.182,9.589,8.983,8.387,7.786,7.175,6.417,5.733,5.244,4.493,3.727,3.24,2.481,1.742,1.238,0.49,0.278,0.776,1.535,2.284,2.786,3.529,4.291,4.764,5.532,6.285,6.783,7.537,8.277,8.767,9.524,10.281,10.787,11.456,11.377,10.765,10.176,9.583,8.996,8.395,7.786,7.192,6.397,5.733,5.232,4.503,3.735,3.24,2.489,1.738,1.237,0.49,0.273,0.772,1.537,2.292,2.779,3.522,4.298,4.766,5.528,6.281,6.783,7.524,8.292,8.768,9.522,10.276,10.775,11.442,0.854,0.846,0.837,0.846,0.856,0.826,0.854,0.84,0.845,0.844,0.85,0.841,0.841,0.831,0.847,0.853,0.826,0.832,0.843,0.843,0.85,0.848,0.835,0.849,0.85,0.846,0.832,0.832,0.849,0.856,0.836,0.858,0.837,0.857,0.839,0.851,0.844,0.839,0.835,0.851,0.844,0.86,0.854,0.836,0.843,0.841,0.838,0.841,0.829,0.846,0.864,0.839,0.841,0.835,0.84,0.842,0.843,0.86,0.848,0.859,0.84,0.85,0.843,0.845,0.852,0.837,0.859,0.833,0.843,0.843,0.851,0.842
09:59:57:4,OK,1385,24.045,22.828,22.823,11.388,10.774,10.193,9.597,8.987,8.384,7.799,7.201,6.415,5.733,5.242,4.5,3.728,3.252,2.503,1.73,1.225,0.489,0.277,0.764,1.524,2.284,2.781,3.535,4.274,4.784,5.537,6.29,6.777,7.527,8.269,8.801,9.541,10.291,10.784,11.462,11.385,10.795,10.176,9.587,8.983,8.384,7.786,7.175,6.392,5.719,5.235,4.485,3.74,3.23,2.485,1.729,1.226,0.506,0.281,0.78,1.535,2.285,2.781,3.531,4.265,4.771,5.526,6.288,6.762,7.519,8.267,8.764,9.515,10.268,10.775,11.44,0.852,0.846,0.852,0.835,0.826,0.848,0.842,0.853,0.84,0.844,0.846,0.855,0.833,0.832,0.844,0.848,0.828,0.836,0.847,0.853,0.842,0.836,0.848,0.83,0.844,0.84,0.839,0.845,0.847,0.849,0.84,0.855,0.842,0.823,0.861,0.844,0.842,0.848,0.839,0.848,0.844,0.852,0.852,0.856,0.846,0.838,0.845,0.837,0.865,0.839,0.83,0.847,0.854,0.838,0.843,0.842,0.856,0.845,0.85,0.841,0.844,0.844,0.844,0.848,0.843,0.844,0.831,0.846,0.837,0.835,0.837,0.84
10:01:42:6,OK,1256,24.049,22.831,22.828,11.377,10.777,10.178,9.589,8.976,8.384,7.809,7.196,6.402,5.741,5.251,4.486,3.721,3.243,2.496,1.723,1.223,0.48,0.287,0.79,1.532,2.267,2.789,3.524,4.289,4.783,5.527,6.271,6.765,7.541,8.287,8.769,9.526,10.285,10.782,11.453,11.379,10.772,10.177,9.581,8.98,8.4,7.782,7.173,6.397,5.73,5.235,4.482,3.742,3.229,2.497,1.739,1.258,0.483,0.278,0.78,1.527,2.277,2.775,3.544,4.279,4.78,5.516,6.285,6.777,7.522,8.273,8.781,9.522,10.283,10.775,11.449,0.846,0.835,0.844,0.836,0.835,0.822,0.843,0.838,0.833,0.841,0.829,0.842,0.832,0.844,0.849,0.853,0.854,0.848,0.85,0.841,0.829,0.847,0.847,0.843,0.844,0.851,0.851,0.845,0.833,0.862,0.864,0.841,0.849,0.843,0.851,0.831,0.852,0.85,0.832,0.84,0.848,0.827,0.844,0.85,0.836,0.853,0.844,0.836,0.853,0.835,0.852,0.831,0.845,0.846,0.856,0.846,0.851,0.834,0.841,0.84,0.839,0.85,0.835,0.861,0.849,0.853,0.829,0.847,0.857,0.83,0.839,0.84
10:03:19:2,OK,1328,24.037,22.817,22.842,11.404,10.789,10.186,9.582,8.984,8.395,7.783,7.187,6.408,5.723,5.245,4.486,3.726,3.224,2.488,1.73,1.248,0.481,0.277,0.776,1.519,2.287,2.775,3.522,4.279,4.791,5.535,6.279,6.788,7.551,8.282,8.772,9.541,10.273,10.776,11.467,11.382,10.774,10.187,9.59,8.99,8.38,7.774,7.187,6.398,5.726,5.236,4.496,3.745,3.239,2.475,1.73,1.239,0.474,0.273,0.778,1.542,2.279,2.78,3.527,4.273,4.77,5.526,6.27,6.778,7.542,8.274,8.783,9.541,10.289,10.772,11.462,0.847,0.851,0.856,0.848,0.845,0.834,0.844,0.83,0.861,0.845,0.842,0.85,0.839,0.843,0.842,0.851,0.864,0.846,0.856,0.834,0.839,0.844,0.842,0.836,0.852,0.85,0.848,0.85,0.847,0.838,0.838,0.857,0.85,0.866,0.851,0.832,0.834,0.834,0.856,0.847,0.856,0.835,0.833,0.833,0.852,0.846,0.852,0.85,0.834,0.84,0.848,0.835,0.847,0.841,0.851,0.841,0.852,0.836,0.819,0.842,0.864,0.846,0.837,0.841,0.827,0.841,0.847,0.844,0.842,0.835,0.845,0.854
10:05:08:7,OK,1348,24.052,22.836,22.83,11.393,10.779,10.178,9.598,8.991,8.387,7.796,7.196,6.401,5.722,5.226,4.496,3.743,3.239,2.48,1.733,1.239,0.484,0.295,0.783,1.538,2.282,2.772,3.528,4.296,4.782,5.53,6.28,6.782,7.531,8.296,8.774,9.526,10.273,10.777,11.457,11.381,10.776,10.174,9.589,8.974,8.39,7.783,7.186,6.407,5.74,5.24,4.483,3.732,3.241,2.487,1.732,1.225,0.494,0.286,0.778,1.529,2.276,2.763,3.523,4.272,4.776,5.537,6.278,6.783,7.529,8.271,8.777,9.534,10.273,10.762,11.458,0.847,0.847,0.848,0.859,0.844,0.829,0.846,0.856,0.857,0.839,0.843,0.832,0.851,0.846,0.856,0.831,0.858,0.854,0.843,0.849,0.836,0.843,0.85,0.846,0.85,0.849,0.839,0.852,0.845,0.843,0.84,0.847,0.847,0.838,0.834,0.836,0.843,0.846,0.849,0.851,0.831,0.841,0.836,0.848,0.856,0.839,0.829,0.848,0.838,0.835,0.842,0.828,0.848,0.85,0.858,0.836,0.838,0.833,0.845,0.84,0.836,0.852,0.837,0.836,0.842,0.835,0.844,0.845,0.845,0.845,0.853,0.844
10:06:41:3,OK,1323,24.067,22.825,22.825,11.377,10.784,10.174,9.587,8.983,8.383,7.783,7.167,6.408,5.733,5.233,4.485,3.735,3.239,2.499,1.73,1.244,0.495,0.282,0.779,1.54,2.282,2.776,3.533,4.276,4.771,5.524,6.288,6.781,7.537,8.289,8.77,9.537,10.279,10.77,11.437,11.392,10.778,10.188,9.59,8.978,8.376,7.782,7.189,6.411,5.737,5.231,4.48,3.732,3.228,2.501,1.732,1.244,0.487,0.291,0.787,1.534,2.28,2.776,3.539,4.278,4.775,5.546,6.287,6.788,7.534,8.29,8.78,9.528,10.279,10.777,11.454,0.835,0.85,0.852,0.833,0.845,0.854,0.835,0.864,0.823,0.845,0.854,0.842,0.843,0.839,0.847,0.836,0.849,0.84,0.851,0.856,0.826,0.837,0.845,0.841,0.837,0.844,0.833,0.827,0.836,0.852,0.847,0.848,0.828,0.842,0.846,0.847,0.837,0.847,0.852,0.836,0.829,0.838,0.827,0.831,0.839,0.833,0.831,0.848,0.834,0.841,0.83,0.866,0.861,0.851,0.842,0.849,0.837,0.83,0.845,0.867,0.855,0.859,0.833,0.843,0.853,0.831,0.83,0.831,0.849,0.847,0.843,0.824
10:08:29:5,OK,1329,24.056,22.837,22.824,11.396,10.78,10.174,9.579,8.988,8.392,7.791,7.198,6.418,5.746,5.245,4.485,3.736,3.241,2.488,1.741,1.238,0.477,0.293,0.767,1.528,2.276,2.767,3.531,4.266,4.77,5.534,6.277,6.78,7.533,8.286,8.788,9.52,10.282,10.776,11.453,11.379,10.773,10.193,9.587,8.985,8.393,7.784,7.189,6.412,5.733,5.235,4.492,3.74,3.252,2.493,1.711,1.241,0.482,0.291,0.778,1.525,2.277,2.778,3.537,4.298,4.762,5.527,6.282,6.78,7.518,8.275,8.785,9.539,10.299,10.785,11.449,0.846,0.856,0.86,0.855,0.837,0.844,0.85,0.844,0.825,0.841,0.86,0.85,0.844,0.839,0.851,0.83,0.864,0.849,0.858,0.851,0.834,0.855,0.837,0.828,0.849,0.85,0.829,0.853,0.839,0.856,0.834,0.841,0.848,0.84,0.855,0.85,0.837,0.846,0.842,0.832,0.844,0.838,0.83,0.848,0.829,0.835,0.856,0.844,0.839,0.82,0.853,0.834,0.86,0.833,0.861,0.837,0.835,0.842,0.838,0.847,0.846,0.84,0.842,0.845,0.853,0.844,0.856,0.833,0.842,0.852,0.856,0.839
10:10:17:1,OK,1369,24.054,22.835,22.829,11.378,10.784,10.186,9.58,8.967,8.39,7.782,7.189,6.418,5.729,5.221,4.488,3.724,3.228,2.49,1.735,1.229,0.475,0.278,0.776,1.538,2.278,2.782,3.532,4.278,4.782,5.537,6.279,6.779,7.533,8.276,8.776,9.528,10.275,10.776,11.448,11.383,10.78,10.187,9.588,8.984,8.38,7.779,7.188,6.403,5.73,5.247,4.482,3.742,3.237,2.482,1.74,1.239,0.485,0.28,0.782,1.53,2.291,2.773,3.535,4.301,4.778,5.532,6.278,6.774,7.519,8.285,8.777,9.524,10.281,10.766,11.44,0.842,0.85,0.843,0.827,0.845,0.85,0.84,0.849,0.848,0.84,0.837,0.848,0.84,0.845,0.833,0.85,0.847,0.85,0.842,0.833,0.852,0.849,0.84,0.842,0.836,0.849,0.84,0.858,0.848,0.841,0.839,0.846,0.837,0.852,0.83,0.851,0.85,0.832,0.842,0.844,0.838,0.844,0.843,0.842,0.841,0.85,0.851,0.842,0.833,0.851,0.84,0.836,0.852,0.836,0.845,0.832,0.839,0.847,0.862,0.836,0.856,0.842,0.848,0.839,0.841,0.844,0.848,0.84,0.835,0.847,0.844,0.838
10:11:53:8,OK,1115,24.043,22.827,22.814,11.386,10.78,10.189,9.591,8.986,8.376,7.771,7.183,6.42,5.736,5.232,4.477,3.744,3.246,2.482,1.733,1.243,0.486,0.276,0.778,1.537,2.29,2.783,3.521,4.295,4.766,5.523,6.286,6.778,7.528,8.283,8.767,9.545,10.293,10.785,11.456,11.393,10.761,10.179,9.584,8.997,8.384,7.785,7.183,6.424,5.74,5.244,4.493,3.73,3.248,2.491,1.747,1.236,0.481,0.288,0.77,1.545,2.29,2.771,3.529,4.287,4.788,5.529,6.28,6.778,7.508,8.301,8.784,9.515,10.281,10.775,11.449,0.839,0.84,0.851,0.832,0.856,0.858,0.847,0.843,0.845,0.851,0.839,0.856,0.847,0.847,0.834,0.849,0.843,0.849,0.844,0.843,0.835,0.847,0.839,0.837,0.846,0.84,0.839,0.832,0.853,0.843,0.855,0.846,0.842,0.858,0.844,0.828,0.834,0.845,0.846,0.858,0.856,0.856,0.849,0.845,0.828,0.834,0.847,0.848,0.858,0.838,0.845,0.845,0.846,0.854,0.839,0.841,0.852,0.847,0.84,0.851,0.841,0.832,0.852,0.841,0.832,0.843,0.855,0.845,0.846,0.854,0.832,0.836
10:13:38:4,OK,1074,24.069,22.807,22.839,11.385,10.774,10.185,9.599,8.986,8.395,7.785,7.197,6.402,5.718,5.236,4.487,3.733,3.229,2.492,1.73,1.252,0.483,0.275,0.765,1.529,2.279,2.777,3.535,4.299,4.774,5.526,6.284,6.779,7.528,8.282,8.759,9.531,10.276,10.771,11.459,11.385,10.786,10.183,9.58,8.982,8.381,7.777,7.182,6.395,5.731,5.234,4.484,3.723,3.235,2.484,1.729,1.246,0.488,0.29,0.771,1.526,2.275,2.779,3.526,4.278,4.773,5.535,6.296,6.78,7.535,8.287,8.772,9.526,10.266,10.776,11.448,0.859,0.851,0.844,0.838,0.836,0.837,0.841,0.842,0.844,0.844,0.843,0.84,0.855,0.852,0.85,0.848,0.838,0.836,0.847,0.834,0.837,0.856,0.822,0.832,0.833,0.828,0.837,0.846,0.838,0.846,0.847,0.847,0.836,0.835,0.855,0.85,0.847,0.846,0.841,0.856,0.85,0.837,0.838,0.84,0.863,0.836,0.845,0.843,0.838,0.837,0.845,0.855,0.828,0.836,0.851,0.86,0.826,0.844,0.841,0.847,0.842,0.84,0.844,0.849,0.852,0.845,0.844,0.86,0.833,0.854,0.841,0.85
10:15:22:7,OK,1088,24.049,22.839,22.834,11.389,10.774,10.188,9.586,8.965,8.389,7.777,7.2,6.411,5.741,5.247,4.486,3.725,3.232,2.479,1.725,1.226,0.493,0.291,0.784,1.524,2.259,2.78,3.517,4.277,4.787,5.526,6.274,6.791,7.522,8.307,8.779,9.52,10.284,10.771,11.462,11.386,10.787,10.199,9.577,8.975,8.38,7.782,7.178,6.394,5.734,5.233,4.48,3.729,3.238,2.482,1.736,1.244,0.493,0.285,0.77,1.527,2.285,2.788,3.532,4.264,4.774,5.527,6.268,6.792,7.545,8.294,8.784,9.53,10.27,10.782,11.465,0.848,0.844,0.84,0.839,0.839,0.84,0.848,0.833,0.854,0.836,0.844,0.852,0.853,0.843,0.851,0.857,0.855,0.841,0.824,0.84,0.85,0.848,0.838,0.848,0.835,0.846,0.822,0.849,0.852,0.86,0.832,0.835,0.83,0.839,0.855,0.835,0.842,0.845,0.858,0.844,0.836,0.851,0.844,0.848,0.842,0.835,0.843,0.827,0.852,0.838,0.842,0.843,0.839,0.855,0.842,0.846,0.847,0.843,0.843,0.836,0.853,0.854,0.845,0.842,0.85,0.845,0.847,0.833,0.848,0.832,0.84,0.847
10:17:09:6,OK,1072,24.068,22.821,22.837,11.38,10.798,10.187,9.592,8.978,8.383,7.769,7.189,6.401,5.751,5.241,4.487,3.724,3.229,2.487,1.74,1.228,0.484,0.291,0.775,1.52,2.293,2.779,3.534,4.287,4.777,5.532,6.284,6.777,7.533,8.291,8.78,9.533,10.288,10.785,11.458,11.377,10.786,10.176,9.597,8.986,8.381,7.775,7.189,6.402,5.737,5.247,4.481,3.729,3.231,2.473,1.743,1.238,0.474,0.289,0.782,1.539,2.292,2.786,3.544,4.285,4.782,5.522,6.296,6.785,7.53,8.292,8.776,9.528,10.281,10.783,11.459,0.846,0.851,0.836,0.846,0.851,0.842,0.855,0.838,0.846,0.837,0.843,0.835,0.849,0.844,0.85,0.848,0.839,0.843,0.838,0.851,0.842,0.854,0.848,0.832,0.843,0.843,0.84,0.838,0.833,0.841,0.849,0.838,0.834,0.858,0.848,0.856,0.846,0.833,0.854,0.834,0.833,0.834,0.848,0.831,0.837,0.85,0.852,0.834,0.838,0.846,0.831,0.826,0.846,0.829,0.849,0.843,0.841,0.827,0.86,0.855,0.844,0.843,0.852,0.83,0.851,0.846,0.848,0.842,0.84,0.851,0.843,0.844
10:18:54:2,OK,1080,24.034,22.827,22.836,11.393,10.781,10.187,9.591,8.978,8.385,7.793,7.175,6.398,5.724,5.234,4.496,3.73,3.238,2.48,1.747,1.249,0.495,0.3,0.776,1.529,2.287,2.78,3.523,4.276,4.773,5.531,6.294,6.763,7.53,8.291,8.782,9.546,10.279,10.774,11.446,11.395,10.776,10.18,9.588,8.969,8.389,7.784,7.181,6.399,5.732,5.239,4.487,3.733,3.232,2.496,1.73,1.243,0.483,0.289,0.786,1.522,2.284,2.774,3.527,4.288,4.77,5.531,6.292,6.794,7.529,8.289,8.774,9.54,10.294,10.772,11.45,0.839,0.85,0.842,0.847,0.843,0.849,0.826,0.845,0.848,0.851,0.846,0.839,0.843,0.856,0.838,0.846,0.833,0.838,0.839,0.847,0.859,0.838,0.837,0.851,0.828,0.829,0.839,0.828,0.837,0.841,0.847,0.848,0.848,0.847,0.838,0.836,0.814,0.833,0.821,0.837,0.857,0.834,0.858,0.844,0.841,0.835,0.837,0.829,0.853,0.849,0.835,0.846,0.851,0.841,0.84,0.841,0.842,0.844,0.838,0.84,0.841,0.825,0.855,0.857,0.841,0.846,0.843,0.842,0.842,0.853,0.846,0.841
10:20:31:9,OK,1238,24.065,22.818,22.836,11.389,10.778,10.18,9.573,8.986,8.382,7.779,7.183,6.41,5.722,5.245,4.477,3.732,3.225,2.479,1.733,1.245,0.492,0.281,0.791,1.535,2.271,2.778,3.538,4.276,4.793,5.528,6.29,6.778,7.525,8.306,8.791,9.536,10.279,10.773,11.459,11.397,10.771,10.198,9.593,8.989,8.381,7.788,7.186,6.415,5.742,5.245,4.49,3.731,3.251,2.493,1.74,1.239,0.496,0.286,0.759,1.519,2.283,2.764,3.505,4.273,4.783,5.52,6.289,6.791,7.53,8.288,8.778,9.522,10.28,10.784,11.459,0.845,0.822,0.838,0.849,0.851,0.843,0.841,0.848,0.844,0.848,0.843,0.838,0.828,0.833,0.849,0.845,0.858,0.84,0.833,0.843,0.836,0.829,0.837,0.836,0.843,0.838,0.85,0.855,0.837,0.85,0.858,0.829,0.839,0.844,0.85,0.851,0.86,0.828,0.829,0.847,0.841,0.865,0.85,0.831,0.849,0.849,0.834,0.829,0.848,0.831,0.84,0.839,0.832,0.848,0.837,0.85,0.823,0.832,0.836,0.848,0.84,0.849,0.831,0.836,0.862,0.85,0.847,0.846,0.843,0.858,0.833,0.854
10:22:18:3,OK,1045,24.051,22.824,22.831,11.405,10.781,10.185,9.564,8.974,8.376,7.793,7.198,6.408,5.737,5.235,4.497,3.751,3.237,2.487,1.731,1.234,0.495,0.271,0.79,1.524,2.28,2.787,3.528,4.276,4.785,5.54,6.27,6.779,7.549,8.285,8.773,9.527,10.264,10.792,11.452,11.386,10.788,10.188,9.568,8.984,8.385,7.791,7.186,6.402,5.735,5.247,4.5,3.729,3.241,2.478,1.729,1.244,0.487,0.291,0.788,1.523,2.27,2.773,3.521,4.283,4.791,5.533,6.277,6.779,7.54,8.291,8.793,9.531,10.282,10.79,11.451,0.832,0.842,0.845,0.845,0.833,0.857,0.85,0.843,0.846,0.831,0.827,0.838,0.867,0.835,0.826,0.843,0.835,0.841,0.849,0.857,0.845,0.84,0.851,0.84,0.839,0.849,0.849,0.843,0.847,0.837,0.853,0.834,0.839,0.843,0.834,0.845,0.841,0.856,0.824,0.838,0.841,0.835,0.84,0.844,0.855,0.848,0.848,0.845,0.831,0.858,0.855,0.848,0.829,0.847,0.838,0.853,0.846,0.833,0.85,0.846,0.845,0.841,0.841,0.843,0.839,0.841,0.848,0.833,0.856,0.84,0.841,0.842
10:24:01:5,OK,1063,24.045,22.827,22.84,11.38,10.777,10.192,9.569,9.003,8.383,7.78,7.18,6.414,5.741,5.246,4.478,3.735,3.255,2.502,1.727,1.232,0.483,0.269,0.782,1.53,2.284,2.778,3.536,4.285,4.784,5.528,6.28,6.77,7.525,8.291,8.781,9.525,10.296,10.787,11.453,11.382,10.785,10.177,9.607,8.963,8.389,7.794,7.192,6.421,5.739,5.234,4.506,3.733,3.235,2.49,1.731,1.246,0.492,0.292,0.769,1.529,2.276,2.783,3.543,4.295,4.799,5.524,6.294,6.781,7.528,8.287,8.786,9.537,10.271,10.784,11.452,0.839,0.839,0.843,0.846,0.847,0.839,0.85,0.83,0.84,0.861,0.844,0.849,0.836,0.852,0.854,0.848,0.832,0.841,0.839,0.85,0.835,0.833,0.839,0.851,0.839,0.845,0.847,0.843,0.847,0.823,0.845,0.855,0.841,0.845,0.836,0.844,0.834,0.841,0.85,0.838,0.857,0.841,0.844,0.853,0.834,0.854,0.838,0.845,0.854,0.853,0.845,0.844,0.852,0.855,0.835,0.849,0.838,0.849,0.846,0.837,0.843,0.834,0.841,0.827,0.834,0.832,0.837,0.846,0.834,0.826,0.822,0.836
10:25:48:8,OK,1052,24.06,22.843,22.821,11.372,10.776,10.179,9.596,8.989,8.398,7.776,7.175,6.41,5.74,5.24,4.497,3.719,3.254,2.494,1.739,1.226,0.489,0.289,0.776,1.514,2.283,2.773,3.531,4.266,4.772,5.522,6.275,6.779,7.534,8.271,8.772,9.528,10.287,10.771,11.456,11.388,10.765,10.181,9.599,8.978,8.395,7.799,7.182,6.404,5.733,5.231,4.489,3.736,3.239,2.491,1.73,1.239,0.475,0.282,0.785,1.519,2.286,2.786,3.528,4.293,4.784,5.523,6.285,6.792,7.522,8.295,8.774,9.533,10.296,10.785,11.453,0.837,0.838,0.837,0.859,0.855,0.846,0.844,0.837,0.848,0.843,0.833,0.822,0.847,0.835,0.838,0.839,0.845,0.824,0.852,0.84,0.842,0.841,0.842,0.852,0.845,0.845,0.84,0.845,0.839,0.843,0.84,0.834,0.833,0.869,0.858,0.84,0.837,0.842,0.844,0.834,0.845,0.851,0.852,0.844,0.856,0.842,0.851,0.853,0.839,0.844,0.843,0.841,0.846,0.863,0.832,0.845,0.839,0.859,0.829,0.852,0.841,0.83,0.856,0.848,0.849,0.84,0.85,0.848,0.846,0.859,0.843,0.856
10:27:36:1,OK,1054,24.042,22.827,22.836,11.374,10.776,10.178,9.587,8.987,8.393,7.785,7.19,6.404,5.735,5.245,4.498,3.733,3.247,2.501,1.749,1.235,0.483,0.264,0.799,1.526,2.281,2.778,3.538,4.299,4.776,5.525,6.291,6.761,7.539,8.275,8.778,9.552,10.287,10.771,11.451,11.367,10.77,10.202,9.591,8.991,8.379,7.786,7.18,6.41,5.757,5.244,4.5,3.734,3.245,2.486,1.736,1.224,0.48,0.279,0.79,1.523,2.286,2.773,3.517,4.281,4.785,5.525,6.287,6.786,7.514,8.288,8.786,9.518,10.285,10.779,11.448,0.84,0.848,0.847,0.859,0.848,0.841,0.842,0.836,0.85,0.84,0.848,0.842,0.844,0.831,0.839,0.84,0.85,0.836,0.838,0.841,0.85,0.836,0.841,0.844,0.829,0.848,0.836,0.834,0.848,0.856,0.86,0.85,0.835,0.843,0.837,0.857,0.851,0.834,0.858,0.838,0.833,0.852,0.842,0.848,0.838,0.842,0.839,0.844,0.849,0.847,0.849,0.85,0.845,0.827,0.842,0.834,0.84,0.852,0.841,0.837,0.841,0.856,0.833,0.838,0.837,0.838,0.841,0.846,0.851,0.849,0.842,0.833
10:29:11:4,OK,1100,24.046,22.824,22.841,11.374,10.77,10.188,9.584,8.991,8.381,7.778,7.187,6.42,5.74,5.252,4.479,3.735,3.23,2.499,1.723,1.243,0.478,0.288,0.779,1.542,2.286,2.767,3.519,4.278,4.775,5.517,6.276,6.772,7.53,8.298,8.779,9.528,10.274,10.775,11.467,11.389,10.779,10.185,9.584,8.992,8.387,7.791,7.19,6.403,5.744,5.233,4.471,3.738,3.244,2.481,1.736,1.234,0.475,0.271,0.777,1.534,2.283,2.78,3.529,4.284,4.781,5.529,6.293,6.787,7.536,8.289,8.792,9.528,10.287,10.79,11.448,0.842,0.831,0.826,0.835,0.832,0.866,0.839,0.838,0.834,0.84,0.85,0.851,0.836,0.838,0.853,0.831,0.852,0.848,0.841,0.838,0.842,0.836,0.836,0.845,0.849,0.849,0.85,0.844,0.841,0.842,0.823,0.858,0.837,0.833,0.859,0.842,0.835,0.846,0.849,0.839,0.838,0.838,0.842,0.842,0.824,0.84,0.831,0.856,0.843,0.839,0.838,0.849,0.831,0.852,0.85,0.853,0.844,0.844,0.86,0.838,0.846,0.838,0.839,0.845,0.833,0.839,0.849,0.847,0.858,0.85,0.842,0.863
10:30:57:7,OK,1121,24.041,22.843,22.826,11.382,10.767,10.178,9.579,8.987,8.379,7.79,7.196,6.399,5.74,5.232,4.497,3.745,3.238,2.5,1.733,1.241,0.487,0.277,0.776,1.53,2.272,2.778,3.525,4.278,4.769,5.538,6.292,6.776,7.522,8.286,8.789,9.531,10.317,10.786,11.446,11.364,10.775,10.189,9.592,8.968,8.38,7.793,7.183,6.417,5.723,5.245,4.487,3.73,3.234,2.497,1.721,1.236,0.486,0.289,0.789,1.542,2.301,2.778,3.541,4.288,4.796,5.527,6.286,6.787,7.533,8.278,8.781,9.519,10.292,10.784,11.458,0.833,0.835,0.843,0.844,0.834,0.849,0.857,0.843,0.855,0.848,0.865,0.842,0.84,0.852,0.849,0.854,0.854,0.846,0.855,0.834,0.864,0.848,0.845,0.836,0.843,0.851,0.823,0.837,0.85,0.834,0.839,0.844,0.843,0.851,0.833,0.836,0.859,0.837,0.845,0.836,0.838,0.848,0.858,0.848,0.849,0.86,0.841,0.835,0.834,0.854,0.834,0.849,0.841,0.862,0.84,0.853,0.841,0.843,0.847,0.848,0.85,0.842,0.849,0.846,0.839,0.851,0.841,0.842,0.846,0.855,0.837,0.832
10:32:43:2,OK,1127,24.05,22.825,22.824,11.386,10.773,10.185,9.575,8.978,8.383,7.783,7.193,6.397,5.736,5.232,4.486,3.737,3.231,2.483,1.721,1.249,0.489,0.289,0.784,1.539,2.285,2.783,3.533,4.283,4.79,5.531,6.279,6.773,7.516,8.28,8.787,9.529,10.296,10.787,11.439,11.394,10.766,10.198,9.589,8.985,8.391,7.789,7.197,6.41,5.743,5.238,4.479,3.734,3.234,2.477,1.726,1.239,0.502,0.288,0.774,1.52,2.281,2.777,3.531,4.277,4.777,5.523,6.286,6.773,7.527,8.276,8.782,9.545,10.272,10.776,11.463,0.841,0.852,0.821,0.85,0.837,0.844,0.856,0.844,0.83,0.841,0.852,0.829,0.834,0.834,0.857,0.843,0.833,0.838,0.84,0.836,0.846,0.839,0.857,0.849,0.842,0.833,0.836,0.835,0.861,0.858,0.848,0.837,0.85,0.84,0.841,0.845,0.858,0.85,0.826,0.846,0.839,0.841,0.854,0.845,0.841,0.847,0.852,0.853,0.843,0.837,0.826,0.86,0.853,0.839,0.847,0.853,0.838,0.847,0.839,0.831,0.865,0.848,0.834,0.833,0.84,0.821,0.831,0.851,0.855,0.841,0.841,0.847
10:34:18:6,OK,1132,24.053,22.836,22.828,11.384,10.772,10.195,9.598,8.974,8.389,7.768,7.189,6.399,5.724,5.256,4.492,3.727,3.245,2.478,1.734,1.24,0.482,0.279,0.766,1.536,2.29,2.776,3.522,4.278,4.774,5.523,6.28,6.766,7.521,8.279,8.794,9.537,10.285,10.78,11.441,11.387,10.769,10.184,9.566,8.976,8.379,7.782,7.193,6.408,5.745,5.239,4.489,3.74,3.25,2.489,1.745,1.231,0.494,0.277,0.789,1.525,2.3,2.775,3.532,4.282,4.784,5.548,6.288,6.781,7.524,8.277,8.774,9.513,10.286,10.78,11.457,0.839,0.838,0.842,0.841,0.837,0.837,0.839,0.849,0.838,0.838,0.845,0.845,0.846,0.854,0.834,0.846,0.845,0.85,0.849,0.842,0.846,0.843,0.838,0.843,0.845,0.829,0.834,0.833,0.835,0.841,0.837,0.829,0.842,0.838,0.841,0.843,0.841,0.856,0.841,0.851,0.837,0.834,0.852,0.84,0.839,0.842,0.841,0.851,0.835,0.855,0.844,0.844,0.838,0.847,0.842,0.852,0.854,0.85,0.858,0.837,0.846,0.839,0.842,0.843,0.841,0.849,0.85,0.842,0.838,0.844,0.832,0.849
10:36:05:9,OK,1105,24.044,22.829,22.835,11.391,10.784,10.185,9.57,8.981,8.375,7.796,7.181,6.414,5.744,5.237,4.456,3.729,3.24,2.49,1.734,1.24,0.492,0.299,0.762,1.526,2.286,2.783,3.525,4.279,4.783,5.534,6.277,6.778,7.537,8.281,8.773,9.516,10.283,10.779,11.448,11.384,10.776,10.182,9.597,8.989,8.383,7.777,7.176,6.399,5.737,5.24,4.487,3.732,3.222,2.499,1.725,1.246,0.483,0.285,0.773,1.533,2.269,2.78,3.537,4.296,4.771,5.532,6.292,6.775,7.536,8.277,8.758,9.527,10.28,10.777,11.454,0.841,0.85,0.842,0.834,0.846,0.846,0.828,0.837,0.839,0.84,0.849,0.839,0.85,0.836,0.835,0.846,0.851,0.86,0.84,0.845,0.848,0.839,0.841,0.835,0.853,0.843,0.844,0.844,0.852,0.851,0.852,0.847,0.849,0.857,0.854,0.816,0.844,0.846,0.84,0.844,0.849,0.867,0.844,0.838,0.848,0.84,0.85,0.835,0.842,0.856,0.841,0.859,0.841,0.847,0.827,0.832,0.846,0.84,0.847,0.856,0.846,0.84,0.847,0.852,0.84,0.853,0.844,0.858,0.849,0.844,0.842,0.839
10:37:52:4,OK,1106,24.058,22.826,22.828,11.384,10.781,10.179,9.591,8.99,8.391,7.789,7.188,6.401,5.73,5.227,4.476,3.74,3.256,2.478,1.732,1.255,0.479,0.278,0.775,1.531,2.295,2.771,3.526,4.278,4.78,5.541,6.274,6.781,7.524,8.297,8.79,9.519,10.274,10.772,11.446,11.387,10.771,10.176,9.584,8.977,8.376,7.795,7.191,6.409,5.711,5.237,4.485,3.735,3.224,2.496,1.738,1.236,0.487,0.287,0.788,1.539,2.283,2.778,3.516,4.292,4.777,5.528,6.262,6.784,7.534,8.27,8.784,9.529,10.284,10.778,11.46,0.83,0.846,0.835,0.847,0.85,0.851,0.845,0.841,0.846,0.852,0.842,0.834,0.837,0.855,0.829,0.857,0.844,0.828,0.857,0.839,0.838,0.842,0.832,0.832,0.84,0.83,0.827,0.852,0.842,0.84,0.833,0.832,0.834,0.827,0.838,0.855,0.842,0.837,0.82,0.853,0.849,0.84,0.834,0.85,0.835,0.849,0.839,0.85,0.832,0.837,0.854,0.855,0.841,0.831,0.84,0.844,0.833,0.829,0.832,0.854,0.834,0.854,0.848,0.856,0.841,0.849,0.847,0.849,0.845,0.841,0.852,0.851
10:39:27:1,OK,985,24.055,22.838,22.842,11.389,10.779,10.194,9.577,8.991,8.385,7.791,7.207,6.405,5.72,5.226,4.487,3.739,3.245,2.483,1.732,1.232,0.489,0.274,0.793,1.513,2.293,2.792,3.517,4.285,4.776,5.52,6.291,6.78,7.526,8.289,8.774,9.53,10.27,10.778,11.45,11.382,10.762,10.195,9.588,8.985,8.395,7.783,7.176,6.421,5.737,5.232,4.482,3.725,3.236,2.501,1.726,1.251,0.489,0.265,0.786,1.532,2.286,2.776,3.517,4.283,4.775,5.532,6.266,6.761,7.522,8.282,8.789,9.525,10.281,10.778,11.453,0.838,0.852,0.842,0.841,0.836,0.84,0.845,0.849,0.84,0.842,0.84,0.834,0.824,0.84,0.837,0.838,0.832,0.864,0.84,0.826,0.845,0.844,0.848,0.853,0.847,0.856,0.835,0.842,0.84,0.843,0.844,0.837,0.839,0.84,0.846,0.848,0.846,0.844,0.836,0.844,0.842,0.835,0.831,0.831,0.855,0.856,0.849,0.859,0.825,0.842,0.844,0.848,0.845,0.847,0.833,0.842,0.853,0.826,0.834,0.849,0.843,0.842,0.835,0.844,0.852,0.838,0.838,0.842,0.847,0.854,0.842,0.843
10:41:13:5,OK,1106,24.056,22.837,22.822,11.387,10.779,10.18,9.586,8.997,8.373,7.784,7.18,6.399,5.742,5.242,4.493,3.743,3.224,2.485,1.731,1.238,0.487,0.291,0.785,1.544,2.269,2.783,3.529,4.271,4.779,5.527,6.277,6.779,7.535,8.273,8.786,9.528,10.288,10.773,11.456,11.388,10.774,10.198,9.571,8.991,8.383,7.785,7.185,6.404,5.732,5.251,4.489,3.748,3.238,2.497,1.718,1.25,0.484,0.282,0.771,1.516,2.276,2.795,3.519,4.285,4.772,5.522,6.295,6.762,7.538,8.291,8.781,9.528,10.274,10.772,11.466,0.845,0.849,0.84,0.823,0.84,0.853,0.834,0.84,0.847,0.841,0.849,0.834,0.844,0.853,0.842,0.836,0.831,0.847,0.837,0.845,0.847,0.846,0.835,0.844,0.845,0.851,0.833,0.839,0.845,0.85,0.836,0.844,0.854,0.845,0.837,0.835,0.851,0.842,0.826,0.845,0.837,0.836,0.846,0.841,0.836,0.851,0.852,0.839,0.847,0.832,0.841,0.844,0.824,0.857,0.845,0.848,0.849,0.835,0.836,0.828,0.852,0.847,0.841,0.847,0.829,0.844,0.847,0.835,0.825,0.845,0.833,0.843
10:42:58:8,OK,1094,24.06,22.824,22.84,11.397,10.79,10.178,9.583,8.982,8.37,7.798,7.188,6.409,5.726,5.242,4.481,3.722,3.256,2.497,1.735,1.249,0.481,0.286,0.761,1.535,2.291,2.768,3.526,4.284,4.795,5.512,6.286,6.76,7.537,8.286,8.782,9.515,10.288,10.782,11.448,11.382,10.776,10.195,9.584,8.982,8.384,7.79,7.186,6.415,5.725,5.242,4.484,3.741,3.247,2.482,1.717,1.245,0.47,0.267,0.776,1.533,2.294,2.782,3.537,4.273,4.777,5.546,6.281,7.526,8.276,8.765,9.534,10.277,10.782,11.446,0.849,0.848,0.849,0.846,0.851,0.835,0.824,0.852,0.843,0.835,0.845,0.846,0.836,0.851,0.854,0.838,0.848,0.847,0.849,0.843,0.837,0.843,0.848,0.84,0.839,0.844,0.839,0.844,0.829,0.842,0.843,0.853,0.84,0.827,0.837,0.835,0.847,0.833,0.844,0.826,0.849,0.853,0.834,0.839,0.859,0.84,0.853,0.848,0.843,0.834,0.851,0.844,0.842,0.843,0.853,0.848,0.837,0.833,0.832,0.851,0.828,0.863,0.836,0.85,0.833,0.837,0.857,0.844,0.857,0.831,0.836,0.851,0.845
10:44:36:2,OK,1117,24.053,22.833,22.835,11.392,10.789,10.195,9.585,8.989,8.385,7.782,7.19,6.413,5.74,5.237,4.488,3.738,3.254,2.49,1.726,1.234,0.478,0.288,0.778,1.548,2.274,2.775,3.544,4.275,4.781,5.529,6.285,6.775,7.532,8.283,8.775,9.522,10.283,10.786,11.426,11.386,10.779,10.188,9.57,8.972,8.387,7.785,7.182,6.414,5.729,5.239,4.475,3.741,3.239,2.466,1.745,1.235,0.48,0.295,0.788,1.525,2.27,2.785,3.524,4.276,4.775,5.532,6.278,7.528,8.292,8.777,9.517,10.302,10.778,11.448,0.84,0.851,0.854,0.828,0.828,0.839,0.83,0.847,0.846,0.843,0.832,0.833,0.846,0.838,0.85,0.843,0.843,0.838,0.855,0.86,0.84,0.844,0.847,0.825,0.836,0.85,0.846,0.838,0.856,0.84,0.843,0.843,0.83,0.821,0.838,0.842,0.847,0.842,0.851,0.845,0.849,0.845,0.851,0.846,0.853,0.835,0.833,0.846,0.844,0.829,0.849,0.845,0.854,0.843,0.848,0.83,0.838,0.845,0.843,0.852,0.865,0.857,0.86,0.844,0.84,0.845,0.847,0.83,0.845,0.836,0.84,0.84,0.848
10:46:21:7,OK,1119,24.068,22.836,22.839,11.38,10.78,10.206,9.584,8.983,8.379,7.784,7.184,6.418,5.729,5.231,4.48,3.726,3.248,2.488,1.734,1.236,0.484,0.283,0.788,1.532,2.287,2.793,3.506,4.291,4.787,5.536,6.272,6.78,7.534,8.288,8.77,9.512,10.295,10.772,11.447,11.396,10.776,10.185,9.595,8.971,8.387,7.791,7.185,6.4,5.726,5.242,4.477,3.724,3.232,2.469,1.742,1.228,0.49,0.291,0.784,1.535,2.277,2.771,3.533,4.273,4.788,5.533,6.287,7.525,8.291,8.778,9.528,10.271,10.765,11.458,0.844,0.84,0.845,0.831,0.841,0.848,0.844,0.849,0.851,0.84,0.844,0.855,0.849,0.84,0.84,0.837,0.847,0.846,0.85,0.85,0.852,0.85,0.834,0.829,0.839,0.84,0.85,0.856,0.842,0.854,0.833,0.843,0.843,0.841,0.854,0.852,0.851,0.84,0.832,0.848,0.837,0.85,0.836,0.851,0.834,0.84,0.847,0.846,0.842,0.853,0.847,0.834,0.848,0.845,0.827,0.85,0.833,0.849,0.848,0.843,0.838,0.851,0.844,0.835,0.845,0.827,0.854,0.838,0.83,0.85,0.858,0.835,0.844
10:48:09:3,OK,1094,24.051,22.831,22.82,11.372,10.778,10.185,9.589,8.987,8.385,7.79,7.193,6.406,5.731,5.226,4.492,3.726,3.229,2.495,1.733,1.245,0.485,0.283,0.776,1.531,2.279,2.778,3.528,4.271,4.774,5.539,6.276,6.775,7.523,8.278,8.771,9.536,10.303,10.778,11.465,11.378,10.78,10.181,9.585,8.991,8.384,7.791,7.192,6.395,5.733,5.236,4.492,3.739,3.224,2.492,1.724,1.231,0.48,0.278,0.787,1.518,2.299,2.768,3.515,4.28,4.779,5.529,6.294,7.528,8.279,8.776,9.529,10.278,10.781,11.454,0.861,0.852,0.838,0.856,0.828,0.841,0.842,0.843,0.852,0.838,0.834,0.854,0.847,0.856,0.83,0.837,0.854,0.837,0.838,0.844,0.866,0.843,0.858,0.838,0.847,0.842,0.837,0.836,0.848,0.842,0.841,0.842,0.85,0.851,0.846,0.846,0.825,0.845,0.841,0.847,0.87,0.835,0.863,0.846,0.844,0.843,0.845,0.844,0.855,0.847,0.835,0.844,0.832,0.854,0.837,0.851,0.835,0.85,0.855,0.838,0.855,0.824,0.851,0.836,0.836,0.836,0.842,0.839,0.84,0.843,0.828,0.852,0.864
10:49:54:6,OK,1135,24.051,22.827,22.817,11.392,10.771,10.188,9.584,8.997,8.386,7.792,7.186,6.405,5.721,5.239,4.488,3.739,3.241,2.486,1.727,1.236,0.481,0.292,0.779,1.529,2.282,2.771,3.551,4.278,4.768,5.528,6.287,6.772,7.536,8.286,8.77,9.531,10.291,10.768,11.44,11.375,10.765,10.177,9.592,8.983,8.402,7.774,7.194,6.397,5.736,5.231,4.488,3.73,3.225,2.486,1.739,1.24,0.484,0.282,0.787,1.523,2.29,2.779,3.531,4.282,4.781,5.524,6.284,7.54,8.296,8.788,9.535,10.276,10.789,11.447,0.827,0.85,0.843,0.841,0.839,0.84,0.842,0.838,0.851,0.843,0.851,0.839,0.833,0.857,0.838,0.835,0.85,0.843,0.831,0.831,0.832,0.837,0.824,0.83,0.848,0.855,0.847,0.841,0.838,0.844,0.837,0.865,0.84,0.86,0.843,0.848,0.844,0.83,0.839,0.859,0.851,0.855,0.846,0.849,0.84,0.841,0.835,0.84,0.812,0.847,0.849,0.823,0.847,0.845,0.86,0.843,0.86,0.841,0.835,0.829,0.844,0.838,0.836,0.842,0.838,0.825,0.827,0.845,0.846,0.836,0.835,0.835,0.842
10:51:31:8,OK,1118,24.063,22.844,22.816,11.376,10.779,10.185,9.588,8.995,8.395,7.798,7.189,6.411,5.732,5.242,4.504,3.736,3.237,2.495,1.74,1.243,0.482,0.291,0.775,1.517,2.293,2.785,3.521,4.27,4.773,5.532,6.26,6.769,7.524,8.283,8.768,9.531,10.286,10.772,11.454,11.38,10.788,10.195,9.576,8.988,8.38,7.786,7.195,6.415,5.742,5.241,4.49,3.717,3.227,2.489,1.74,1.238,0.492,0.283,0.771,1.528,2.285,2.769,3.535,4.277,4.786,5.54,6.295,7.528,8.281,8.774,9.529,10.286,10.789,11.455,0.831,0.837,0.847,0.846,0.842,0.843,0.83,0.841,0.836,0.839,0.845,0.846,0.839,0.835,0.832,0.84,0.83,0.849,0.85,0.847,0.853,0.844,0.846,0.856,0.837,0.838,0.839,0.848,0.826,0.857,0.838,0.837,0.853,0.846,0.846,0.855,0.85,0.847,0.845,0.843,0.84,0.839,0.84,0.84,0.854,0.832,0.828,0.844,0.837,0.832,0.832,0.839,0.841,0.851,0.835,0.827,0.845,0.835,0.842,0.842,0.842,0.848,0.833,0.845,0.844,0.845,0.846,0.835,0.851,0.84,0.846,0.859,0.847
10:53:18:5,OK,1124,24.048,22.825,22.834,11.381,10.779,10.188,9.597,8.978,8.39,7.769,7.183,6.402,5.728,5.249,4.49,3.735,3.234,2.479,1.735,1.241,0.493,0.273,0.765,1.523,2.27,2.77,3.526,4.279,4.771,5.529,6.286,6.772,7.547,8.293,8.79,9.518,10.276,10.775,11.448,11.378,10.798,10.193,9.581,8.992,8.384,7.779,7.198,6.418,5.722,5.239,4.483,3.727,3.225,2.48,1.748,1.238,0.475,0.28,0.771,1.527,2.285,2.768,3.532,4.295,4.786,5.546,6.281,7.548,8.284,8.771,9.527,10.28,10.77,11.458,0.84,0.833,0.846,0.845,0.837,0.833,0.819,0.844,0.85,0.843,0.846,0.841,0.841,0.843,0.842,0.831,0.842,0.848,0.845,0.853,0.851,0.842,0.846,0.845,0.847,0.851,0.844,0.839,0.837,0.861,0.851,0.847,0.86,0.855,0.846,0.846,0.852,0.85,0.844,0.839,0.851,0.855,0.84,0.839,0.837,0.845,0.842,0.854,0.836,0.838,0.833,0.84,0.834,0.86,0.847,0.84,0.825,0.84,0.845,0.848,0.835,0.838,0.853,0.865,0.853,0.836,0.846,0.834,0.844,0.822,0.836,0.829,0.847
10:55:02:1,OK,1086,24.024,22.819,22.839,11.38,10.781,10.195,9.586,8.989,8.367,7.782,7.169,6.408,5.737,5.247,4.477,3.747,3.227,2.493,1.737,1.234,0.505,0.292,0.791,1.52,2.262,2.766,3.535,4.296,4.781,5.534,6.287,6.778,7.557,8.272,8.786,9.525,10.276,10.789,11.451,11.375,10.778,10.174,9.579,8.984,8.383,7.78,7.178,6.413,5.724,5.245,4.492,3.738,3.236,2.482,1.734,1.243,0.483,0.279,0.788,1.522,2.281,2.771,3.524,4.296,4.787,5.526,6.286,7.532,8.278,8.787,9.523,10.274,10.767,11.464,0.834,0.851,0.856,0.843,0.851,0.846,0.852,0.833,0.846,0.846,0.856,0.837,0.858,0.829,0.833,0.843,0.844,0.847,0.834,0.853,0.826,0.845,0.857,0.837,0.835,0.836,0.837,0.836,0.844,0.846,0.848,0.848,0.853,0.856,0.844,0.843,0.829,0.831,0.846,0.839,0.854,0.843,0.84,0.827,0.846,0.853,0.839,0.847,0.844,0.845,0.848,0.829,0.828,0.836,0.83,0.848,0.823,0.853,0.841,0.844,0.853,0.847,0.831,0.838,0.834,0.844,0.844,0.841,0.831,0.821,0.822,0.845,0.829
10:56:49:4,OK,1197,24.038,22.831,22.821,11.37,10.787,10.197,9.593,8.977,8.392,7.782,7.198,6.399,5.73,5.235,4.481,3.74,3.233,2.488,1.741,1.237,0.484,0.289,0.767,1.53,2.283,2.79,3.534,4.276,4.783,5.525,6.28,6.769,7.531,8.274,8.767,9.528,10.294,10.804,11.451,11.374,10.796,10.196,9.581,8.984,8.364,7.791,7.199,6.409,5.731,5.239,4.488,3.722,3.237,2.498,1.724,1.234,0.48,0.283,0.772,1.519,2.288,2.777,3.525,4.292,4.782,5.512,6.297,7.512,8.283,8.782,9.522,10.277,10.768,11.446,0.842,0.851,0.841,0.835,0.853,0.831,0.854,0.842,0.842,0.842,0.861,0.844,0.851,0.833,0.851,0.849,0.842,0.839,0.86,0.835,0.851,0.856,0.849,0.844,0.841,0.842,0.836,0.855,0.85,0.849,0.828,0.863,0.835,0.839,0.845,0.846,0.843,0.843,0.85,0.838,0.836,0.854,0.843,0.839,0.828,0.843,0.854,0.85,0.837,0.844,0.847,0.843,0.843,0.844,0.85,0.84,0.841,0.867,0.841,0.84,0.828,0.86,0.84,0.834,0.845,0.851,0.839,0.847,0.848,0.854,0.855,0.845,0.84
10:58:35:7,OK,607,24.048,22.829,22.847,11.391,10.777,10.181,9.581,8.974,8.372,7.779,7.173,6.405,5.723,5.224,4.497,3.735,3.238,2.472,1.734,1.233,0.504,0.282,0.787,1.532,2.28,2.784,3.519,4.293,4.784,5.541,6.294,6.788,7.533,8.285,8.766,9.539,10.286,10.777,11.443,11.382,10.776,10.177,9.596,8.982,8.402,7.785,7.192,6.41,5.725,5.234,4.496,3.747,3.233,2.502,1.739,1.243,0.486,0.278,0.774,1.519,2.289,2.777,3.533,4.281,4.787,5.533,6.276,7.532,8.3,8.794,9.544,10.264,10.778,11.439,0.843,0.837,0.849,0.849,0.853,0.833,0.862,0.843,0.838,0.853,0.859,0.857,0.839,0.836,0.833,0.832,0.833,0.843,0.855,0.849,0.85,0.837,0.846,0.846,0.851,0.853,0.835,0.836,0.837,0.84,0.847,0.84,0.862,0.842,0.856,0.841,0.842,0.854,0.833,0.843,0.845,0.833,0.859,0.841,0.843,0.855,0.834,0.851,0.835,0.853,0.845,0.84,0.833,0.854,0.846,0.855,0.852,0.847,0.846,0.838,0.856,0.853,0.844,0.84,0.835,0.836,0.819,0.85,0.847,0.835,0.843,0.844,0.844
11:00:11:3,OK,1087,24.052,22.831,22.844,11.398,10.79,10.174,9.584,8.986,8.403,7.779,7.173,6.406,5.731,5.224,4.496,3.747,3.244,2.494,1.733,1.241,0.461,0.277,0.773,1.526,2.266,2.764,3.543,4.277,4.778,5.514,6.267,6.785,7.534,8.294,8.775,9.541,10.286,10.793,11.457,11.381,10.768,10.179,9.597,8.984,8.377,7.795,7.189,6.405,5.739,5.242,4.486,3.737,3.239,2.486,1.735,1.241,0.483,0.279,0.791,1.533,2.267,2.78,3.522,4.295,4.781,5.533,6.295,7.532,8.283,8.786,9.529,10.27,10.778,11.469,0.835,0.856,0.856,0.835,0.85,0.837,0.837,0.845,0.836,0.84,0.835,0.838,0.854,0.844,0.839,0.853,0.85,0.842,0.841,0.835,0.851,0.847,0.83,0.855,0.845,0.852,0.841,0.832,0.834,0.831,0.851,0.842,0.822,0.844,0.831,0.84,0.846,0.836,0.856,0.849,0.835,0.845,0.844,0.841,0.841,0.845,0.843,0.85,0.848,0.864,0.838,0.837,0.835,0.855,0.854,0.838,0.844,0.861,0.847,0.818,0.847,0.847,0.848,0.835,0.84,0.841,0.855,0.845,0.841,0.84,0.843,0.843,0.833
11:01:58:9,OK,1081,24.051,22.83,22.809,11.376,10.764,10.196,9.598,8.973,8.383,7.788,7.184,6.409,5.74,5.247,4.493,3.711,3.238,2.481,1.732,1.254,0.487,0.277,0.777,1.528,2.288,2.781,3.523,4.277,4.784,5.522,6.274,6.779,7.541,8.275,8.786,9.517,10.279,10.781,11.457,11.381,10.786,10.186,9.583,8.974,8.381,7.787,7.173,6.415,5.725,5.248,4.468,3.727,3.236,2.484,1.729,1.24,0.47,0.289,0.785,1.531,2.275,2.782,3.524,4.277,4.783,5.542,6.295,7.517,8.279,8.789,9.518,10.298,10.784,11.448,0.848,0.869,0.831,0.849,0.844,0.849,0.836,0.84,0.845,0.836,0.843,0.845,0.844,0.865,0.846,0.844,0.83,0.833,0.852,0.844,0.84,0.849,0.844,0.836,0.845,0.84,0.828,0.845,0.831,0.836,0.847,0.851,0.847,0.834,0.834,0.848,0.835,0.843,0.85,0.838,0.843,0.838,0.827,0.846,0.852,0.835,0.847,0.841,0.85,0.833,0.825,0.841,0.846,0.86,0.853,0.842,0.852,0.842,0.848,0.846,0.844,0.846,0.848,0.841,0.843,0.834,0.827,0.836,0.828,0.837,0.843,0.846,0.844
11:03:42:6,OK,1072,24.05,22.832,22.835,11.368,10.773,10.187,9.573,8.99,8.375,7.784,7.185,6.409,5.733,5.235,4.497,3.743,3.236,2.493,1.729,1.237,0.477,0.28,0.793,1.531,2.279,2.771,3.532,4.289,4.79,5.525,6.272,6.777,7.523,8.281,8.789,9.528,10.273,10.784,11.463,11.385,10.789,10.177,9.576,8.994,8.403,7.789,7.183,6.392,5.715,5.231,4.499,3.731,3.242,2.483,1.723,1.238,0.482,0.281,0.773,1.535,2.287,2.798,3.53,4.29,4.773,5.529,6.28,7.538,8.296,8.772,9.518,10.276,10.771,11.452,0.845,0.847,0.858,0.854,0.834,0.85,0.844,0.83,0.836,0.841,0.851,0.843,0.838,0.849,0.844,0.849,0.841,0.831,0.85,0.831,0.839,0.856,0.836,0.859,0.839,0.851,0.849,0.843,0.845,0.839,0.84,0.835,0.834,0.835,0.846,0.839,0.846,0.84,0.829,0.833,0.834,0.849,0.842,0.849,0.846,0.851,0.849,0.846,0.856,0.843,0.851,0.831,0.841,0.852,0.834,0.846,0.841,0.827,0.852,0.826,0.852,0.832,0.847,0.843,0.839,0.838,0.834,0.857,0.846,0.833,0.839,0.822,0.855
11:05:27:2,OK,1119,24.052,22.822,22.839,11.396,10.766,10.193,9.59,8.985,8.394,7.789,7.191,6.41,5.73,5.24,4.482,3.722,3.251,2.49,1.727,1.239,0.483,0.293,0.767,1.525,2.288,2.777,3.537,4.278,4.784,5.53,6.28,6.779,7.535,8.277,8.775,9.525,10.288,10.776,11.46,11.396,10.768,10.188,9.577,8.986,8.373,7.778,7.2,6.423,5.749,5.246,4.493,3.734,3.22,2.482,1.74,1.228,0.499,0.273,0.78,1.533,2.285,2.796,3.535,4.294,4.774,5.529,6.295,7.524,8.289,8.773,9.52,10.285,10.764,11.441,0.829,0.849,0.841,0.849,0.848,0.842,0.851,0.835,0.866,0.846,0.853,0.845,0.836,0.83,0.841,0.847,0.839,0.837,0.841,0.839,0.849,0.853,0.835,0.848,0.836,0.84,0.842,0.838,0.834,0.834,0.843,0.852,0.849,0.853,0.837,0.84,0.85,0.852,0.844,0.838,0.836,0.848,0.846,0.842,0.849,0.839,0.852,0.842,0.867,0.861,0.817,0.823,0.836,0.832,0.852,0.833,0.854,0.824,0.846,0.86,0.84,0.84,0.854,0.846,0.838,0.83,0.829,0.832,0.848,0.837,0.834,0.851,0.836
11:07:14:5,OK,1124,24.049,22.84,22.822,11.375,10.773,10.177,9.585,8.992,8.389,7.783,7.183,6.422,5.739,5.248,4.505,3.731,3.237,2.482,1.726,1.221,0.481,0.282,0.776,1.532,2.277,2.785,3.535,4.29,4.776,5.528,6.286,6.778,7.517,8.277,8.777,9.543,10.281,10.794,11.436,11.401,10.773,10.179,9.585,8.99,8.397,7.774,7.187,6.421,5.733,5.23,4.476,3.756,3.245,2.498,1.732,1.238,0.483,0.288,0.787,1.513,2.28,2.758,3.524,4.275,4.776,5.525,6.292,7.524,8.275,8.788,9.54,10.284,10.785,11.452,0.85,0.84,0.834,0.837,0.853,0.832,0.848,0.835,0.832,0.85,0.845,0.853,0.854,0.835,0.858,0.834,0.848,0.851,0.837,0.842,0.827,0.845,0.854,0.846,0.846,0.849,0.829,0.83,0.834,0.855,0.849,0.848,0.839,0.851,0.835,0.841,0.845,0.84,0.837,0.847,0.843,0.858,0.851,0.823,0.847,0.844,0.852,0.847,0.845,0.851,0.853,0.832,0.833,0.836,0.833,0.858,0.836,0.847,0.851,0.84,0.841,0.856,0.844,0.846,0.839,0.849,0.849,0.843,0.854,0.838,0.843,0.846,0.845
11:08:51:8,OK,1086,24.043,22.828,22.843,11.393,10.774,10.186,9.59,8.989,8.388,7.791,7.183,6.405,5.743,5.241,4.488,3.72,3.231,2.493,1.736,1.238,0.483,0.288,0.782,1.525,2.293,2.766,3.527,4.296,4.791,5.525,6.286,6.784,7.522,8.284,8.788,9.526,10.277,10.769,11.441,11.378,10.793,10.199,9.589,8.981,8.383,7.788,7.184,6.412,5.733,5.231,4.507,3.737,3.245,2.495,1.728,1.238,0.461,0.272,0.782,1.534,2.266,2.784,3.552,4.283,4.775,5.527,6.276,7.527,8.285,8.781,9.535,10.278,10.777,11.447,0.846,0.84,0.848,0.841,0.839,0.832,0.838,0.84,0.829,0.854,0.847,0.828,0.847,0.838,0.835,0.827,0.834,0.837,0.84,0.838,0.838,0.861,0.848,0.826,0.835,0.861,0.85,0.833,0.853,0.842,0.842,0.83,0.856,0.828,0.838,0.857,0.844,0.843,0.839,0.842,0.837,0.841,0.844,0.848,0.855,0.835,0.846,0.84,0.847,0.841,0.849,0.849,0.83,0.842,0.828,0.846,0.86,0.839,0.838,0.853,0.839,0.838,0.849,0.832,0.855,0.849,0.838,0.851,0.831,0.844,0.862,0.852,0.842
11:10:36:1,OK,1197,24.043,22.824,22.828,11.371,10.788,10.194,9.596,8.979,8.392,7.799,7.179,6.41,5.726,5.24,4.499,3.744,3.23,2.485,1.731,1.228,0.48,0.282,0.764,1.538,2.293,2.785,3.53,4.29,4.767,5.526,6.279,6.786,7.529,8.279,8.784,9.532,10.278,10.787,11.449,11.391,10.779,10.198,9.604,8.986,8.395,7.79,7.178,6.406,5.737,5.253,4.499,3.717,3.229,2.487,1.718,1.214,0.471,0.275,0.771,1.524,2.275,2.784,3.54,4.274,4.789,5.537,6.286,7.544,8.271,8.778,9.514,10.293,10.775,11.46,0.852,0.844,0.833,0.844,0.836,0.858,0.842,0.835,0.843,0.853,0.842,0.858,0.841,0.84,0.844,0.85,0.858,0.847,0.838,0.864,0.852,0.839,0.832,0.852,0.843,0.846,0.844,0.848,0.842,0.84,0.841,0.835,0.842,0.84,0.849,0.858,0.843,0.846,0.832,0.835,0.831,0.835,0.84,0.84,0.836,0.844,0.837,0.852,0.846,0.838,0.846,0.836,0.834,0.846,0.834,0.837,0.852,0.838,0.845,0.842,0.837,0.84,0.83,0.864,0.829,0.839,0.852,0.84,0.826,0.838,0.835,0.835,0.844
11:12:22:7,OK,607,24.046,22.823,22.823,11.389,10.785,10.194,9.591,8.983,8.383,7.788,7.164,6.406,5.721,5.235,4.502,3.733,3.229,2.481,1.739,1.23,0.489,0.277,0.77,1.533,2.284,2.769,3.53,4.269,4.77,5.53,6.288,6.782,7.546,8.293,8.774,9.513,10.296,10.775,11.439,11.389,10.751,10.179,9.591,8.984,8.395,7.791,7.174,6.408,5.741,5.242,4.504,3.733,3.241,2.494,1.73,1.24,0.485,0.29,0.781,1.521,2.28,2.779,3.526,4.274,4.778,5.52,6.283,7.523,8.281,8.775,9.541,10.271,10.773,11.437,0.847,0.843,0.834,0.867,0.844,0.853,0.829,0.847,0.84,0.833,0.845,0.839,0.842,0.845,0.849,0.847,0.837,0.842,0.851,0.844,0.844,0.845,0.84,0.823,0.84,0.845,0.831,0.856,0.835,0.848,0.841,0.855,0.842,0.848,0.843,0.839,0.844,0.848,0.837,0.829,0.837,0.835,0.839,0.861,0.84,0.838,0.84,0.853,0.852,0.842,0.847,0.829,0.856,0.854,0.847,0.842,0.859,0.834,0.843,0.835,0.855,0.845,0.863,0.845,0.829,0.841,0.829,0.851,0.852,0.844,0.849,0.837,0.838
11:14:08:4,OK,1087,24.045,22.825,22.829,11.384,10.79,10.184,9.599,8.986,8.386,7.786,7.201,6.423,5.745,5.23,4.493,3.745,3.244,2.491,1.733,1.244,0.474,0.294,0.782,1.514,2.281,2.794,3.521,4.292,4.791,5.521,6.283,6.774,7.544,8.275,8.799,9.544,10.282,10.776,11.457,11.369,10.782,10.192,9.592,8.973,8.398,7.798,7.179,6.411,5.729,5.243,4.486,3.75,3.237,2.484,1.736,1.244,0.497,0.262,0.762,1.515,2.286,2.789,3.507,4.287,4.771,5.526,6.283,7.525,8.289,8.774,9.533,10.268,10.774,11.458,0.84,0.842,0.846,0.837,0.842,0.841,0.848,0.828,0.821,0.843,0.835,0.84,0.839,0.839,0.82,0.841,0.846,0.837,0.835,0.844,0.851,0.856,0.839,0.841,0.858,0.846,0.856,0.856,0.847,0.837,0.84,0.841,0.838,0.844,0.835,0.841,0.845,0.846,0.844,0.853,0.847,0.834,0.834,0.839,0.839,0.844,0.861,0.852,0.839,0.848,0.843,0.843,0.846,0.855,0.832,0.845,0.841,0.839,0.849,0.85,0.839,0.843,0.846,0.829,0.833,0.84,0.853,0.853,0.859,0.846,0.85,0.853,0.838
11:15:53:6,OK,1081,24.043,22.841,22.831,11.374,10.774,10.166,9.593,8.996,8.393,7.786,7.179,6.413,5.726,5.232,4.495,3.725,3.229,2.48,1.734,1.251,0.499,0.279,0.775,1.537,2.294,2.775,3.534,4.277,4.767,5.532,6.291,6.782,7.526,8.29,8.77,9.518,10.273,10.765,11.463,11.382,10.777,10.195,9.58,8.972,8.397,7.777,7.19,6.406,5.741,5.242,4.494,3.73,3.24,2.488,1.736,1.244,0.497,0.29,0.777,1.53,2.279,2.762,3.532,4.28,4.796,5.519,6.286,7.535,8.283,8.781,9.524,10.267,10.771,11.437,0.865,0.827,0.851,0.845,0.822,0.831,0.831,0.84,0.845,0.843,0.84,0.834,0.853,0.848,0.838,0.842,0.841,0.85,0.834,0.846,0.837,0.838,0.844,0.832,0.846,0.853,0.842,0.845,0.847,0.848,0.833,0.843,0.85,0.83,0.836,0.843,0.835,0.839,0.839,0.833,0.84,0.849,0.832,0.847,0.843,0.846,0.826,0.842,0.829,0.843,0.846,0.847,0.85,0.833,0.845,0.849,0.84,0.842,0.839,0.844,0.832,0.845,0.84,0.84,0.841,0.852,0.846,0.853,0.842,0.838,0.842,0.84,0.843
11:17:29:2,OK,1072,24.059,22.825,22.834,11.392,10.783,10.193,9.59,8.966,8.372,7.775,7.193,6.379,5.742,5.23,4.482,3.735,3.241,2.491,1.727,1.232,0.483,0.292,0.768,1.528,2.272,2.785,3.524,4.289,4.782,5.543,6.285,6.771,7.545,8.295,8.758,9.525,10.277,10.778,11.449,11.383,10.777,10.176,9.589,8.972,8.391,7.788,7.195,6.395,5.748,5.233,4.489,3.744,3.224,2.487,1.742,1.24,0.472,0.291,0.769,1.528,2.289,2.783,3.543,4.281,4.763,5.531,6.284,7.531,8.297,8.774,9.53,10.296,10.781,11.446,0.849,0.831,0.835,0.849,0.851,0.844,0.847,0.84,0.841,0.848,0.848,0.838,0.848,0.845,0.85,0.851,0.852,0.831,0.839,0.84,0.852,0.839,0.843,0.851,0.834,0.836,0.835,0.842,0.844,0.843,0.837,0.837,0.844,0.837,0.842,0.866,0.846,0.838,0.84,0.85,0.847,0.834,0.834,0.838,0.85,0.826,0.857,0.847,0.851,0.846,0.845,0.847,0.85,0.838,0.842,0.842,0.84,0.846,0.86,0.843,0.825,0.834,0.851,0.843,0.83,0.866,0.842,0.838,0.85,0.845,0.833,0.832,0.834
11:19:16:8,OK,1119,24.06,22.825,22.821,11.384,10.784,10.187,9.599,8.988,8.381,7.769,7.188,6.411,5.723,5.224,4.5,3.726,3.244,2.503,1.724,1.243,0.481,0.265,0.767,1.531,2.28,2.779,3.521,4.289,4.776,5.52,6.282,6.795,7.524,8.281,8.779,9.531,10.279,10.785,11.437,11.381,10.765,10.18,9.581,8.998,8.385,7.779,7.183,6.407,5.729,5.237,4.483,3.741,3.254,2.485,1.741,1.212,0.481,0.279,0.777,1.527,2.284,2.781,3.517,4.294,4.773,5.544,6.276,7.539,8.285,8.8,9.519,10.277,10.769,11.441,0.828,0.845,0.848,0.843,0.841,0.844,0.847,0.852,0.844,0.85,0.847,0.835,0.834,0.865,0.863,0.849,0.842,0.845,0.829,0.849,0.852,0.821,0.849,0.848,0.851,0.834,0.85,0.856,0.854,0.849,0.853,0.841,0.84,0.848,0.839,0.836,0.839,0.84,0.845,0.847,0.833,0.843,0.836,0.842,0.848,0.839,0.857,0.828,0.846,0.841,0.836,0.836,0.854,0.851,0.833,0.846,0.847,0.859,0.834,0.853,0.859,0.848,0.841,0.858,0.843,0.848,0.854,0.83,0.845,0.838,0.834,0.852,0.85
11:21:03:5,OK,1094,24.057,22.839,22.818,11.384,10.778,10.183,9.592,8.983,8.38,7.787,7.182,6.391,5.731,5.255,4.49,3.745,3.241,2.479,1.733,1.234,0.49,0.283,0.775,1.528,2.274,2.767,3.532,4.272,4.789,5.529,6.283,6.772,7.523,8.282,8.784,9.532,10.277,10.78,11.456,11.373,10.781,10.185,9.574,8.974,8.366,7.787,7.182,6.396,5.721,5.23,4.501,3.745,3.251,2.487,1.723,1.235,0.503,0.274,0.795,1.519,2.297,2.784,3.529,4.288,4.785,5.524,6.295,7.536,8.269,8.786,9.531,10.281,10.776,11.447,0.86,0.835,0.845,0.843,0.854,0.832,0.846,0.847,0.838,0.844,0.847,0.84,0.847,0.858,0.845,0.845,0.851,0.841,0.833,0.834,0.83,0.841,0.833,0.844,0.849,0.85,0.834,0.849,0.847,0.853,0.855,0.844,0.844,0.856,0.842,0.839,0.855,0.853,0.85,0.83,0.842,0.842,0.837,0.838,0.84,0.846,0.85,0.844,0.836,0.85,0.837,0.832,0.867,0.839,0.855,0.846,0.842,0.84,0.834,0.832,0.839,0.837,0.846,0.844,0.839,0.845,0.843,0.842,0.843,0.843,0.842,0.859,0.859
11:22:48:1,OK,1114,24.056,22.824,22.831,11.381,10.773,10.183,9.578,8.993,8.378,7.786,7.19,6.411,5.741,5.236,4.508,3.725,3.233,2.481,1.743,1.237,0.489,0.279,0.793,1.526,2.277,2.785,3.522,4.287,4.789,5.528,6.29,6.78,7.536,8.288,8.779,9.52,10.296,10.777,11.446,11.406,10.779,10.177,9.591,8.983,8.378,7.779,7.182,6.41,5.745,5.241,4.478,3.729,3.242,2.493,1.736,1.254,0.478,0.284,0.771,1.531,2.284,2.778,3.528,4.267,4.78,5.542,6.279,7.545,8.288,8.786,9.546,10.278,10.78,11.447,0.847,0.831,0.839,0.84,0.842,0.845,0.841,0.85,0.837,0.847,0.843,0.842,0.855,0.865,0.839,0.847,0.835,0.857,0.854,0.85,0.849,0.851,0.833,0.832,0.824,0.859,0.853,0.825,0.838,0.834,0.834,0.843,0.843,0.841,0.842,0.833,0.849,0.833,0.84,0.84,0.845,0.864,0.845,0.851,0.841,0.84,0.835,0.843,0.854,0.852,0.842,0.848,0.86,0.825,0.84,0.829,0.839,0.823,0.839,0.836,0.836,0.85,0.834,0.839,0.839,0.857,0.84,0.837,0.845,0.849,0.858,0.857,0.855
11:24:35:7,OK,1065,24.056,22.815,22.811,11.387,10.782,10.186,9.588,8.987,8.395,7.782,7.192,6.407,5.729,5.253,4.486,3.731,3.248,2.489,1.733,1.247,0.493,0.28,0.792,1.533,2.29,2.784,3.527,4.287,4.779,5.528,6.271,6.767,7.542,8.273,8.791,9.53,10.271,10.78,11.456,11.368,10.779,10.183,9.591,8.978,8.397,7.778,7.198,6.391,5.732,5.228,4.49,3.734,3.25,2.494,1.729,1.227,0.474,0.299,0.785,1.529,2.283,2.783,3.525,4.281,4.771,5.54,6.292,7.525,8.288,8.777,9.53,10.279,10.776,11.464,0.853,0.846,0.861,0.846,0.855,0.845,0.839,0.861,0.84,0.843,0.849,0.841,0.841,0.853,0.836,0.841,0.859,0.834,0.85,0.835,0.846,0.84,0.843,0.833,0.851,0.856,0.856,0.86,0.847,0.83,0.842,0.841,0.847,0.867,0.847,0.833,0.846,0.831,0.853,0.857,0.841,0.849,0.845,0.842,0.844,0.836,0.852,0.848,0.847,0.842,0.835,0.846,0.828,0.86,0.842,0.823,0.839,0.845,0.825,0.85,0.832,0.848,0.864,0.835,0.858,0.839,0.829,0.863,0.843,0.846,0.842,0.841,0.844
11:26:19:4,OK,1070,24.045,22.817,22.817,11.393,10.766,10.182,9.598,8.984,8.38,7.792,7.181,6.405,5.736,5.252,4.478,3.739,3.238,2.479,1.741,1.245,0.49,0.289,0.795,1.53,2.276,2.785,3.521,4.287,4.775,5.545,6.283,6.763,7.519,8.274,8.786,9.522,10.291,10.765,11.451,11.389,10.782,10.18,9.595,8.985,8.369,7.784,7.19,6.405,5.722,5.243,4.488,3.728,3.246,2.49,1.735,1.235,0.488,0.302,0.767,1.527,2.301,2.777,3.515,4.293,4.769,5.534,6.272,7.517,8.276,8.758,9.528,10.278,10.773,11.447,0.835,0.825,0.842,0.843,0.844,0.836,0.85,0.845,0.835,0.845,0.838,0.832,0.846,0.852,0.831,0.864,0.854,0.843,0.839,0.847,0.851,0.848,0.836,0.836,0.841,0.852,0.834,0.837,0.828,0.843,0.851,0.856,0.842,0.855,0.853,0.846,0.851,0.857,0.84,0.838,0.843,0.831,0.837,0.846,0.847,0.847,0.844,0.843,0.837,0.837,0.84,0.845,0.831,0.844,0.847,0.834,0.828,0.855,0.842,0.847,0.873,0.835,0.844,0.845,0.842,0.842,0.858,0.847,0.841,0.839,0.846,0.856,0.835
11:28:06:9,OK,1348,24.049,22.831,22.828,11.377,10.777,10.178,9.589,8.976,8.384,7.809,7.196,6.402,5.741,5.251,4.486,3.721,3.243,2.496,1.723,1.223,0.48,0.287,0.79,1.532,2.267,2.789,3.524,4.289,4.783,5.527,6.271,6.765,7.541,8.287,8.769,9.526,10.285,10.782,11.453,11.379,10.772,10.177,9.581,8.98,8.4,7.782,7.173,6.397,5.73,5.235,4.482,3.742,3.229,2.497,1.739,1.258,0.483,0.278,0.78,1.527,2.277,2.775,3.544,4.279,4.78,5.516,6.285,6.777,7.522,8.273,8.781,9.522,10.283,10.775,11.449,0.846,0.835,0.844,0.836,0.835,0.822,0.843,0.838,0.833,0.841,0.829,0.842,0.832,0.844,0.849,0.853,0.854,0.848,0.85,0.841,0.829,0.847,0.847,0.843,0.844,0.851,0.851,0.845,0.833,0.862,0.864,0.841,0.849,0.843,0.851,0.831,0.852,0.85,0.832,0.84,0.848,0.827,0.844,0.85,0.836,0.853,0.844,0.836,0.853,0.835,0.852,0.831,0.845,0.846,0.856,0.846,0.851,0.834,0.841,0.84,0.839,0.85,0.835,0.861,0.849,0.853,0.829,0.847,0.857,0.83,0.839,0.84
11:29:51:8,OK,1052,24.06,22.843,22.821,11.372,10.776,10.179,9.596,8.989,8.398,7.776,7.175,6.41,5.74,5.24,4.497,3.719,3.254,2.494,1.739,1.226,0.489,0.289,0.776,1.514,2.283,2.773,3.531,4.266,4.772,5.522,6.275,6.779,7.534,8.271,8.772,9.528,10.287,10.771,11.456,11.388,10.765,10.181,9.599,8.978,8.395,7.799,7.182,6.404,5.733,5.231,4.489,3.736,3.239,2.491,1.73,1.239,0.475,0.282,0.785,1.519,2.286,2.786,3.528,4.293,4.784,5.523,6.285,6.792,7.522,8.295,8.774,9.533,10.296,10.785,11.453,0.837,0.838,0.837,0.859,0.855,0.846,0.844,0.837,0.848,0.843,0.833,0.822,0.847,0.835,0.838,0.839,0.845,0.824,0.852,0.84,0.842,0.841,0.842,0.852,0.845,0.845,0.84,0.845,0.839,0.843,0.84,0.834,0.833,0.869,0.858,0.84,0.837,0.842,0.844,0.834,0.845,0.851,0.852,0.844,0.856,0.842,0.851,0.853,0.839,0.844,0.843,0.841,0.846,0.863,0.832,0.845,0.839,0.859,0.829,0.852,0.841,0.83,0.856,0.848,0.849,0.84,0.85,0.848,0.846,0.859,0.843,0.856
